Id,Category
1,2
2,1
3,1
4,0
5,6
6,0
7,1
8,4
9,5
10,1
11,8
12,3
13,7
14,1
15,4
16,6
17,6
18,6
19,6
20,2
21,4
22,3
23,9
24,1
25,7
26,3
27,0
28,2
29,3
30,6
31,2
32,2
33,4
34,0
35,1
36,8
37,8
38,8
39,3
40,3
41,9
42,3
43,5
44,0
45,1
46,7
47,7
48,0
49,7
50,4
51,4
52,1
53,7
54,2
55,4
56,9
57,7
58,7
59,9
60,5
61,3
62,1
63,9
64,6
65,7
66,7
67,7
68,2
69,0
70,1
71,9
72,2
73,7
74,3
75,9
76,3
77,5
78,7
79,8
80,9
81,2
82,2
83,7
84,3
85,0
86,7
87,7
88,4
89,7
90,5
91,9
92,9
93,6
94,5
95,1
96,8
97,3
98,5
99,9
100,3
101,7
102,3
103,6
104,3
105,5
106,3
107,8
108,3
109,7
110,9
111,2
112,4
113,5
114,3
115,3
116,7
117,3
118,7
119,8
120,8
121,3
122,1
123,4
124,7
125,6
126,1
127,2
128,0
129,2
130,8
131,4
132,9
133,4
134,1
135,4
136,1
137,1
138,0
139,6
140,7
141,2
142,0
143,8
144,0
145,9
146,1
147,0
148,6
149,3
150,2
151,9
152,6
153,7
154,5
155,0
156,1
157,6
158,6
159,9
160,5
161,2
162,1
163,8
164,4
165,9
166,3
167,8
168,2
169,6
170,3
171,5
172,9
173,7
174,7
175,1
176,9
177,3
178,7
179,6
180,2
181,6
182,6
183,1
184,6
185,5
186,6
187,1
188,4
189,9
190,5
191,6
192,8
193,9
194,3
195,2
196,6
197,0
198,3
199,5
200,3
201,1
202,6
203,0
204,1
205,6
206,3
207,7
208,2
209,1
210,0
211,7
212,8
213,0
214,4
215,6
216,9
217,3
218,7
219,5
220,3
221,4
222,9
223,6
224,5
225,2
226,3
227,8
228,4
229,3
230,7
231,1
232,0
233,3
234,5
235,7
236,6
237,2
238,7
239,7
240,3
241,8
242,5
243,3
244,3
245,2
246,7
247,7
248,6
249,8
250,9
251,2
252,7
253,8
254,8
255,9
256,6
257,9
258,1
259,7
260,3
261,9
262,2
263,2
264,6
265,3
266,1
267,0
268,6
269,3
270,5
271,8
272,2
273,9
274,1
275,3
276,1
277,0
278,3
279,6
280,0
281,9
282,6
283,5
284,3
285,1
286,9
287,3
288,6
289,2
290,0
291,3
292,9
293,6
294,0
295,7
296,7
297,6
298,3
299,1
300,3
301,4
302,0
303,7
304,4
305,2
306,2
307,1
308,3
309,7
310,1
311,0
312,8
313,9
314,8
315,6
316,3
317,2
318,3
319,3
320,7
321,7
322,0
323,7
324,8
325,2
326,3
327,2
328,7
329,7
330,3
331,6
332,3
333,2
334,7
335,9
336,8
337,3
338,6
339,1
340,9
341,8
342,6
343,4
344,7
345,6
346,9
347,9
348,7
349,9
350,1
351,2
352,4
353,2
354,1
355,1
356,0
357,3
358,7
359,7
360,7
361,4
362,7
363,5
364,2
365,6
366,8
367,0
368,0
369,1
370,9
371,6
372,0
373,8
374,7
375,3
376,4
377,2
378,5
379,3
380,3
381,5
382,9
383,3
384,2
385,0
386,7
387,5
388,3
389,2
390,1
391,7
392,2
393,9
394,6
395,8
396,6
397,7
398,1
399,1
400,4
401,7
402,6
403,7
404,7
405,2
406,9
407,9
408,9
409,9
410,8
411,8
412,9
413,0
414,7
415,6
416,6
417,0
418,8
419,0
420,9
421,3
422,0
423,0
424,7
425,3
426,9
427,3
428,7
429,4
430,4
431,9
432,0
433,7
434,7
435,4
436,0
437,0
438,2
439,1
440,7
441,7
442,0
443,6
444,2
445,8
446,9
447,1
448,4
449,5
450,3
451,4
452,2
453,0
454,9
455,4
456,9
457,4
458,5
459,1
460,9
461,1
462,6
463,7
464,3
465,3
466,0
467,3
468,6
469,3
470,0
471,0
472,2
473,2
474,9
475,0
476,0
477,0
478,0
479,7
480,3
481,0
482,2
483,1
484,0
485,2
486,5
487,9
488,9
489,3
490,6
491,5
492,7
493,3
494,6
495,1
496,6
497,1
498,1
499,8
500,1
501,4
502,1
503,7
504,6
505,6
506,9
507,4
508,8
509,7
510,0
511,4
512,6
513,3
514,9
515,3
516,9
517,3
518,3
519,5
520,3
521,8
522,9
523,0
524,0
525,2
526,7
527,2
528,9
529,6
530,0
531,6
532,3
533,3
534,1
535,8
536,0
537,7
538,4
539,2
540,7
541,7
542,7
543,2
544,2
545,3
546,0
547,8
548,0
549,2
550,3
551,1
552,7
553,8
554,3
555,6
556,8
557,5
558,9
559,0
560,7
561,7
562,7
563,9
564,9
565,7
566,3
567,9
568,6
569,1
570,0
571,3
572,4
573,3
574,0
575,2
576,6
577,4
578,6
579,0
580,8
581,2
582,7
583,8
584,3
585,3
586,3
587,6
588,3
589,7
590,7
591,7
592,6
593,6
594,4
595,7
596,9
597,8
598,9
599,8
600,8
601,7
602,4
603,7
604,3
605,6
606,4
607,6
608,9
609,8
610,7
611,6
612,2
613,8
614,6
615,3
616,8
617,2
618,9
619,6
620,2
621,6
622,3
623,9
624,7
625,1
626,7
627,0
628,0
629,3
630,8
631,1
632,0
633,8
634,8
635,6
636,5
637,3
638,8
639,4
640,3
641,9
642,3
643,6
644,3
645,1
646,9
647,0
648,9
649,7
650,6
651,3
652,7
653,3
654,3
655,4
656,1
657,1
658,7
659,9
660,3
661,2
662,2
663,4
664,4
665,7
666,5
667,3
668,1
669,3
670,7
671,3
672,7
673,8
674,0
675,4
676,5
677,1
678,7
679,8
680,5
681,6
682,1
683,4
684,7
685,1
686,2
687,5
688,0
689,5
690,3
691,1
692,9
693,9
694,3
695,1
696,3
697,9
698,6
699,3
700,5
701,4
702,8
703,4
704,6
705,5
706,7
707,3
708,6
709,0
710,1
711,8
712,7
713,6
714,7
715,0
716,1
717,3
718,6
719,4
720,1
721,9
722,7
723,7
724,5
725,5
726,3
727,0
728,6
729,3
730,7
731,9
732,3
733,4
734,9
735,3
736,0
737,9
738,3
739,9
740,5
741,6
742,5
743,0
744,0
745,3
746,4
747,7
748,9
749,2
750,8
751,4
752,8
753,8
754,4
755,9
756,1
757,0
758,1
759,9
760,3
761,2
762,8
763,3
764,1
765,2
766,1
767,6
768,7
769,7
770,0
771,5
772,7
773,6
774,0
775,7
776,3
777,3
778,8
779,7
780,1
781,4
782,1
783,0
784,4
785,8
786,6
787,3
788,1
789,1
790,9
791,9
792,9
793,9
794,2
795,7
796,7
797,3
798,0
799,2
800,0
801,7
802,8
803,6
804,4
805,0
806,3
807,4
808,9
809,6
810,2
811,7
812,5
813,7
814,3
815,3
816,0
817,1
818,9
819,0
820,2
821,6
822,9
823,9
824,2
825,0
826,8
827,6
828,3
829,3
830,9
831,0
832,8
833,3
834,7
835,7
836,0
837,4
838,3
839,6
840,9
841,0
842,1
843,6
844,3
845,3
846,4
847,7
848,9
849,2
850,7
851,4
852,9
853,0
854,6
855,4
856,6
857,6
858,8
859,9
860,0
861,3
862,6
863,4
864,0
865,7
866,2
867,3
868,5
869,0
870,2
871,0
872,1
873,9
874,2
875,5
876,2
877,7
878,0
879,9
880,9
881,1
882,2
883,7
884,9
885,3
886,9
887,2
888,8
889,1
890,3
891,5
892,0
893,5
894,6
895,7
896,2
897,7
898,1
899,6
900,2
901,4
902,3
903,9
904,4
905,0
906,3
907,3
908,6
909,8
910,4
911,7
912,1
913,4
914,7
915,6
916,7
917,0
918,5
919,9
920,4
921,3
922,4
923,1
924,7
925,3
926,0
927,4
928,1
929,7
930,3
931,1
932,3
933,9
934,3
935,7
936,6
937,7
938,8
939,3
940,5
941,0
942,4
943,9
944,0
945,3
946,7
947,9
948,9
949,2
950,3
951,7
952,3
953,7
954,5
955,9
956,6
957,2
958,2
959,7
960,0
961,3
962,3
963,1
964,4
965,6
966,1
967,7
968,2
969,5
970,7
971,3
972,9
973,7
974,0
975,8
976,6
977,1
978,7
979,3
980,1
981,2
982,3
983,3
984,8
985,3
986,3
987,6
988,9
989,1
990,0
991,5
992,1
993,1
994,8
995,8
996,5
997,7
998,9
999,0
1000,1
1001,8
1002,7
1003,1
1004,6
1005,8
1006,8
1007,2
1008,6
1009,3
1010,6
1011,8
1012,1
1013,7
1014,9
1015,7
1016,8
1017,1
1018,4
1019,3
1020,4
1021,7
1022,7
1023,8
1024,8
1025,3
1026,5
1027,4
1028,1
1029,7
1030,5
1031,7
1032,8
1033,9
1034,2
1035,2
1036,8
1037,1
1038,6
1039,7
1040,8
1041,8
1042,7
1043,0
1044,3
1045,6
1046,3
1047,0
1048,6
1049,0
1050,6
1051,7
1052,6
1053,3
1054,7
1055,3
1056,2
1057,6
1058,1
1059,3
1060,3
1061,6
1062,5
1063,7
1064,1
1065,8
1066,7
1067,2
1068,2
1069,3
1070,0
1071,1
1072,1
1073,3
1074,4
1075,9
1076,3
1077,4
1078,9
1079,1
1080,5
1081,9
1082,4
1083,3
1084,2
1085,1
1086,6
1087,1
1088,5
1089,2
1090,3
1091,4
1092,8
1093,2
1094,3
1095,5
1096,1
1097,0
1098,7
1099,0
1100,2
1101,5
1102,8
1103,6
1104,9
1105,1
1106,1
1107,3
1108,6
1109,8
1110,2
1111,7
1112,0
1113,0
1114,3
1115,9
1116,1
1117,9
1118,4
1119,8
1120,8
1121,3
1122,4
1123,2
1124,2
1125,3
1126,7
1127,8
1128,2
1129,3
1130,2
1131,2
1132,3
1133,8
1134,3
1135,2
1136,5
1137,7
1138,7
1139,3
1140,8
1141,3
1142,8
1143,7
1144,7
1145,2
1146,7
1147,8
1148,8
1149,6
1150,4
1151,3
1152,7
1153,3
1154,3
1155,4
1156,8
1157,7
1158,4
1159,2
1160,2
1161,5
1162,0
1163,8
1164,7
1165,3
1166,9
1167,7
1168,6
1169,8
1170,4
1171,0
1172,3
1173,8
1174,9
1175,7
1176,9
1177,3
1178,7
1179,3
1180,3
1181,6
1182,9
1183,1
1184,2
1185,0
1186,6
1187,3
1188,4
1189,8
1190,4
1191,3
1192,0
1193,6
1194,1
1195,3
1196,3
1197,4
1198,3
1199,4
1200,2
1201,8
1202,4
1203,9
1204,7
1205,3
1206,7
1207,2
1208,3
1209,3
1210,2
1211,7
1212,3
1213,9
1214,8
1215,9
1216,6
1217,7
1218,7
1219,2
1220,6
1221,0
1222,9
1223,5
1224,1
1225,4
1226,4
1227,6
1228,4
1229,3
1230,5
1231,0
1232,2
1233,1
1234,9
1235,7
1236,9
1237,3
1238,8
1239,1
1240,9
1241,9
1242,3
1243,3
1244,8
1245,6
1246,1
1247,4
1248,1
1249,7
1250,2
1251,2
1252,6
1253,3
1254,1
1255,1
1256,5
1257,3
1258,4
1259,4
1260,1
1261,2
1262,5
1263,7
1264,7
1265,0
1266,7
1267,7
1268,8
1269,3
1270,3
1271,3
1272,3
1273,6
1274,7
1275,4
1276,7
1277,5
1278,7
1279,3
1280,9
1281,7
1282,9
1283,5
1284,7
1285,6
1286,7
1287,7
1288,7
1289,9
1290,8
1291,7
1292,4
1293,3
1294,7
1295,6
1296,6
1297,3
1298,0
1299,1
1300,2
1301,9
1302,8
1303,9
1304,0
1305,8
1306,8
1307,5
1308,5
1309,5
1310,4
1311,3
1312,8
1313,5
1314,5
1315,2
1316,2
1317,0
1318,1
1319,4
1320,3
1321,8
1322,0
1323,2
1324,0
1325,1
1326,7
1327,6
1328,3
1329,0
1330,6
1331,0
1332,6
1333,4
1334,9
1335,8
1336,7
1337,1
1338,4
1339,1
1340,9
1341,4
1342,7
1343,4
1344,9
1345,7
1346,4
1347,3
1348,6
1349,5
1350,6
1351,6
1352,6
1353,1
1354,7
1355,9
1356,5
1357,3
1358,7
1359,4
1360,6
1361,2
1362,8
1363,4
1364,3
1365,1
1366,3
1367,3
1368,8
1369,4
1370,6
1371,7
1372,7
1373,0
1374,6
1375,3
1376,3
1377,1
1378,3
1379,9
1380,3
1381,8
1382,4
1383,3
1384,2
1385,3
1386,7
1387,3
1388,7
1389,2
1390,0
1391,5
1392,7
1393,0
1394,2
1395,8
1396,1
1397,7
1398,7
1399,0
1400,7
1401,3
1402,4
1403,2
1404,9
1405,4
1406,0
1407,5
1408,8
1409,1
1410,7
1411,3
1412,1
1413,5
1414,1
1415,6
1416,0
1417,3
1418,3
1419,3
1420,0
1421,2
1422,3
1423,6
1424,3
1425,1
1426,7
1427,3
1428,0
1429,3
1430,8
1431,8
1432,6
1433,7
1434,5
1435,9
1436,6
1437,3
1438,0
1439,9
1440,3
1441,6
1442,7
1443,3
1444,4
1445,0
1446,3
1447,9
1448,2
1449,6
1450,6
1451,3
1452,1
1453,8
1454,1
1455,8
1456,4
1457,3
1458,5
1459,4
1460,3
1461,1
1462,6
1463,9
1464,0
1465,1
1466,9
1467,1
1468,0
1469,8
1470,3
1471,6
1472,9
1473,6
1474,6
1475,3
1476,5
1477,4
1478,9
1479,8
1480,0
1481,3
1482,3
1483,3
1484,8
1485,7
1486,0
1487,7
1488,9
1489,7
1490,8
1491,7
1492,6
1493,3
1494,9
1495,5
1496,0
1497,1
1498,3
1499,8
1500,8
1501,7
1502,6
1503,3
1504,5
1505,6
1506,0
1507,0
1508,0
1509,6
1510,7
1511,7
1512,7
1513,0
1514,9
1515,8
1516,3
1517,3
1518,5
1519,3
1520,8
1521,1
1522,0
1523,3
1524,8
1525,9
1526,7
1527,3
1528,1
1529,8
1530,5
1531,4
1532,4
1533,0
1534,3
1535,0
1536,9
1537,4
1538,2
1539,8
1540,2
1541,0
1542,8
1543,1
1544,9
1545,3
1546,4
1547,6
1548,7
1549,8
1550,7
1551,6
1552,3
1553,7
1554,5
1555,4
1556,0
1557,9
1558,6
1559,9
1560,1
1561,3
1562,7
1563,8
1564,5
1565,5
1566,7
1567,3
1568,0
1569,0
1570,3
1571,1
1572,2
1573,3
1574,0
1575,3
1576,3
1577,1
1578,2
1579,5
1580,4
1581,3
1582,4
1583,6
1584,6
1585,6
1586,7
1587,0
1588,0
1589,0
1590,9
1591,3
1592,2
1593,2
1594,9
1595,1
1596,0
1597,3
1598,3
1599,1
1600,0
1601,3
1602,8
1603,7
1604,3
1605,3
1606,1
1607,7
1608,7
1609,8
1610,3
1611,7
1612,3
1613,8
1614,7
1615,1
1616,6
1617,4
1618,7
1619,6
1620,9
1621,0
1622,7
1623,9
1624,8
1625,5
1626,4
1627,3
1628,7
1629,4
1630,9
1631,6
1632,3
1633,4
1634,0
1635,2
1636,9
1637,0
1638,1
1639,7
1640,4
1641,4
1642,6
1643,6
1644,3
1645,0
1646,9
1647,2
1648,3
1649,5
1650,0
1651,0
1652,6
1653,5
1654,9
1655,2
1656,5
1657,1
1658,9
1659,3
1660,4
1661,3
1662,2
1663,1
1664,5
1665,5
1666,0
1667,8
1668,0
1669,2
1670,5
1671,6
1672,3
1673,6
1674,7
1675,0
1676,7
1677,3
1678,0
1679,3
1680,6
1681,7
1682,9
1683,0
1684,9
1685,0
1686,7
1687,7
1688,3
1689,3
1690,0
1691,8
1692,6
1693,7
1694,3
1695,4
1696,7
1697,8
1698,8
1699,2
1700,6
1701,7
1702,5
1703,5
1704,6
1705,9
1706,2
1707,1
1708,3
1709,0
1710,7
1711,1
1712,9
1713,4
1714,8
1715,5
1716,8
1717,3
1718,1
1719,4
1720,1
1721,7
1722,2
1723,8
1724,3
1725,1
1726,5
1727,1
1728,9
1729,2
1730,2
1731,3
1732,6
1733,7
1734,7
1735,3
1736,2
1737,2
1738,6
1739,7
1740,3
1741,3
1742,3
1743,9
1744,6
1745,4
1746,4
1747,3
1748,9
1749,0
1750,8
1751,4
1752,6
1753,3
1754,7
1755,9
1756,6
1757,1
1758,3
1759,7
1760,0
1761,7
1762,4
1763,4
1764,7
1765,1
1766,0
1767,6
1768,7
1769,5
1770,7
1771,2
1772,0
1773,0
1774,6
1775,0
1776,3
1777,8
1778,5
1779,5
1780,6
1781,2
1782,9
1783,7
1784,5
1785,7
1786,2
1787,3
1788,3
1789,8
1790,9
1791,1
1792,3
1793,6
1794,8
1795,3
1796,1
1797,2
1798,0
1799,4
1800,6
1801,0
1802,6
1803,9
1804,0
1805,6
1806,7
1807,0
1808,1
1809,7
1810,0
1811,2
1812,4
1813,0
1814,4
1815,8
1816,2
1817,0
1818,3
1819,6
1820,3
1821,5
1822,1
1823,7
1824,3
1825,7
1826,8
1827,5
1828,9
1829,4
1830,2
1831,3
1832,8
1833,2
1834,0
1835,7
1836,3
1837,9
1838,4
1839,1
1840,8
1841,4
1842,7
1843,7
1844,9
1845,2
1846,1
1847,1
1848,3
1849,2
1850,3
1851,6
1852,3
1853,6
1854,3
1855,7
1856,2
1857,6
1858,8
1859,8
1860,3
1861,8
1862,4
1863,7
1864,0
1865,0
1866,3
1867,9
1868,5
1869,3
1870,5
1871,0
1872,0
1873,6
1874,2
1875,9
1876,3
1877,5
1878,3
1879,8
1880,9
1881,3
1882,9
1883,9
1884,7
1885,2
1886,3
1887,3
1888,0
1889,8
1890,9
1891,2
1892,0
1893,7
1894,4
1895,1
1896,9
1897,9
1898,3
1899,7
1900,4
1901,0
1902,2
1903,4
1904,5
1905,6
1906,5
1907,3
1908,2
1909,4
1910,5
1911,3
1912,3
1913,7
1914,7
1915,3
1916,7
1917,3
1918,8
1919,3
1920,5
1921,1
1922,2
1923,7
1924,2
1925,4
1926,5
1927,2
1928,9
1929,9
1930,2
1931,8
1932,5
1933,3
1934,0
1935,7
1936,3
1937,9
1938,9
1939,4
1940,2
1941,8
1942,0
1943,6
1944,4
1945,3
1946,2
1947,8
1948,8
1949,3
1950,9
1951,2
1952,1
1953,9
1954,0
1955,0
1956,2
1957,7
1958,0
1959,4
1960,0
1961,3
1962,2
1963,3
1964,8
1965,5
1966,2
1967,3
1968,2
1969,7
1970,8
1971,7
1972,6
1973,5
1974,4
1975,3
1976,7
1977,7
1978,3
1979,2
1980,0
1981,3
1982,2
1983,5
1984,1
1985,1
1986,6
1987,1
1988,3
1989,6
1990,4
1991,5
1992,7
1993,5
1994,8
1995,3
1996,7
1997,3
1998,8
1999,1
2000,0
2001,9
2002,0
2003,9
2004,1
2005,1
2006,6
2007,7
2008,4
2009,5
2010,4
2011,4
2012,3
2013,3
2014,3
2015,9
2016,9
2017,4
2018,5
2019,1
2020,3
2021,2
2022,2
2023,2
2024,7
2025,2
2026,3
2027,0
2028,6
2029,2
2030,1
2031,9
2032,9
2033,1
2034,6
2035,0
2036,7
2037,7
2038,3
2039,0
2040,4
2041,3
2042,1
2043,6
2044,0
2045,4
2046,2
2047,3
2048,3
2049,3
2050,5
2051,8
2052,1
2053,8
2054,3
2055,9
2056,7
2057,4
2058,3
2059,2
2060,5
2061,2
2062,4
2063,4
2064,4
2065,8
2066,3
2067,9
2068,5
2069,2
2070,0
2071,4
2072,1
2073,3
2074,9
2075,6
2076,1
2077,6
2078,9
2079,6
2080,7
2081,3
2082,7
2083,5
2084,4
2085,1
2086,9
2087,0
2088,0
2089,9
2090,7
2091,1
2092,9
2093,5
2094,3
2095,3
2096,5
2097,3
2098,2
2099,3
2100,6
2101,3
2102,9
2103,7
2104,3
2105,1
2106,4
2107,9
2108,8
2109,4
2110,9
2111,9
2112,3
2113,8
2114,7
2115,1
2116,4
2117,0
2118,4
2119,0
2120,3
2121,3
2122,6
2123,6
2124,3
2125,4
2126,5
2127,3
2128,3
2129,3
2130,2
2131,1
2132,6
2133,8
2134,1
2135,8
2136,6
2137,6
2138,7
2139,8
2140,8
2141,7
2142,6
2143,3
2144,2
2145,0
2146,2
2147,3
2148,2
2149,1
2150,4
2151,7
2152,1
2153,7
2154,7
2155,6
2156,1
2157,0
2158,1
2159,3
2160,0
2161,7
2162,4
2163,5
2164,1
2165,7
2166,0
2167,4
2168,1
2169,0
2170,7
2171,5
2172,8
2173,7
2174,9
2175,3
2176,3
2177,8
2178,8
2179,7
2180,6
2181,0
2182,3
2183,9
2184,3
2185,6
2186,3
2187,4
2188,3
2189,3
2190,9
2191,6
2192,1
2193,6
2194,3
2195,3
2196,5
2197,7
2198,0
2199,1
2200,9
2201,9
2202,2
2203,3
2204,0
2205,4
2206,3
2207,2
2208,6
2209,2
2210,5
2211,3
2212,1
2213,8
2214,3
2215,1
2216,3
2217,8
2218,6
2219,3
2220,4
2221,7
2222,3
2223,3
2224,8
2225,8
2226,4
2227,3
2228,3
2229,3
2230,3
2231,9
2232,3
2233,6
2234,3
2235,1
2236,3
2237,0
2238,7
2239,8
2240,6
2241,7
2242,3
2243,2
2244,2
2245,1
2246,4
2247,7
2248,9
2249,6
2250,7
2251,9
2252,3
2253,9
2254,7
2255,6
2256,6
2257,3
2258,7
2259,1
2260,9
2261,6
2262,6
2263,2
2264,6
2265,8
2266,3
2267,3
2268,2
2269,1
2270,1
2271,7
2272,8
2273,9
2274,3
2275,1
2276,7
2277,6
2278,3
2279,6
2280,3
2281,0
2282,3
2283,0
2284,8
2285,7
2286,6
2287,0
2288,8
2289,7
2290,5
2291,2
2292,8
2293,7
2294,3
2295,2
2296,9
2297,2
2298,3
2299,6
2300,9
2301,7
2302,7
2303,4
2304,6
2305,3
2306,7
2307,5
2308,0
2309,3
2310,6
2311,1
2312,9
2313,1
2314,3
2315,6
2316,9
2317,9
2318,4
2319,7
2320,9
2321,3
2322,9
2323,3
2324,8
2325,4
2326,0
2327,8
2328,7
2329,3
2330,3
2331,5
2332,6
2333,3
2334,0
2335,1
2336,7
2337,1
2338,6
2339,3
2340,6
2341,0
2342,1
2343,9
2344,1
2345,6
2346,4
2347,3
2348,7
2349,2
2350,2
2351,6
2352,0
2353,7
2354,6
2355,5
2356,3
2357,5
2358,6
2359,7
2360,4
2361,3
2362,2
2363,3
2364,9
2365,3
2366,6
2367,3
2368,6
2369,8
2370,4
2371,9
2372,7
2373,1
2374,7
2375,1
2376,7
2377,3
2378,3
2379,7
2380,2
2381,8
2382,0
2383,8
2384,4
2385,1
2386,7
2387,6
2388,9
2389,0
2390,2
2391,1
2392,3
2393,3
2394,5
2395,8
2396,9
2397,1
2398,0
2399,6
2400,4
2401,4
2402,9
2403,1
2404,4
2405,4
2406,9
2407,6
2408,3
2409,9
2410,2
2411,2
2412,0
2413,6
2414,0
2415,5
2416,7
2417,0
2418,9
2419,3
2420,2
2421,3
2422,7
2423,7
2424,5
2425,3
2426,9
2427,8
2428,1
2429,3
2430,9
2431,0
2432,7
2433,3
2434,9
2435,8
2436,0
2437,5
2438,3
2439,6
2440,3
2441,2
2442,2
2443,2
2444,0
2445,1
2446,2
2447,3
2448,7
2449,8
2450,9
2451,2
2452,0
2453,5
2454,0
2455,7
2456,9
2457,6
2458,3
2459,2
2460,4
2461,3
2462,1
2463,0
2464,7
2465,3
2466,9
2467,1
2468,6
2469,6
2470,8
2471,9
2472,9
2473,7
2474,9
2475,0
2476,6
2477,3
2478,4
2479,4
2480,9
2481,7
2482,6
2483,8
2484,6
2485,9
2486,0
2487,0
2488,2
2489,1
2490,3
2491,0
2492,8
2493,3
2494,2
2495,7
2496,8
2497,6
2498,7
2499,7
2500,2
2501,7
2502,8
2503,3
2504,6
2505,8
2506,9
2507,2
2508,6
2509,0
2510,3
2511,3
2512,3
2513,9
2514,6
2515,6
2516,7
2517,0
2518,7
2519,4
2520,3
2521,7
2522,3
2523,0
2524,4
2525,2
2526,0
2527,0
2528,7
2529,8
2530,6
2531,9
2532,1
2533,5
2534,6
2535,1
2536,6
2537,1
2538,9
2539,1
2540,8
2541,8
2542,3
2543,7
2544,7
2545,4
2546,4
2547,7
2548,9
2549,4
2550,7
2551,0
2552,0
2553,9
2554,7
2555,8
2556,0
2557,6
2558,0
2559,3
2560,5
2561,2
2562,9
2563,8
2564,4
2565,4
2566,0
2567,3
2568,7
2569,3
2570,7
2571,1
2572,9
2573,1
2574,7
2575,7
2576,1
2577,7
2578,7
2579,4
2580,8
2581,7
2582,4
2583,7
2584,1
2585,5
2586,0
2587,4
2588,5
2589,3
2590,7
2591,6
2592,3
2593,7
2594,3
2595,1
2596,3
2597,7
2598,7
2599,5
2600,6
2601,5
2602,9
2603,3
2604,9
2605,6
2606,6
2607,8
2608,8
2609,0
2610,3
2611,3
2612,3
2613,3
2614,9
2615,7
2616,7
2617,7
2618,9
2619,1
2620,8
2621,0
2622,7
2623,8
2624,6
2625,4
2626,8
2627,3
2628,2
2629,7
2630,5
2631,6
2632,5
2633,4
2634,6
2635,0
2636,0
2637,5
2638,0
2639,7
2640,7
2641,6
2642,8
2643,8
2644,5
2645,3
2646,5
2647,8
2648,9
2649,2
2650,8
2651,9
2652,4
2653,6
2654,6
2655,0
2656,7
2657,4
2658,0
2659,0
2660,7
2661,3
2662,7
2663,7
2664,1
2665,7
2666,9
2667,3
2668,8
2669,0
2670,7
2671,1
2672,4
2673,6
2674,8
2675,8
2676,7
2677,3
2678,8
2679,7
2680,3
2681,9
2682,8
2683,0
2684,3
2685,1
2686,2
2687,2
2688,7
2689,9
2690,3
2691,3
2692,1
2693,6
2694,3
2695,0
2696,6
2697,0
2698,4
2699,3
2700,0
2701,9
2702,0
2703,9
2704,1
2705,7
2706,3
2707,5
2708,2
2709,7
2710,7
2711,7
2712,4
2713,2
2714,5
2715,0
2716,0
2717,0
2718,3
2719,9
2720,8
2721,3
2722,1
2723,2
2724,9
2725,8
2726,3
2727,4
2728,6
2729,1
2730,7
2731,0
2732,8
2733,3
2734,3
2735,0
2736,1
2737,2
2738,1
2739,7
2740,4
2741,3
2742,2
2743,4
2744,9
2745,7
2746,0
2747,5
2748,7
2749,7
2750,6
2751,2
2752,9
2753,3
2754,3
2755,2
2756,3
2757,5
2758,1
2759,7
2760,7
2761,1
2762,3
2763,7
2764,1
2765,3
2766,7
2767,4
2768,6
2769,4
2770,7
2771,9
2772,2
2773,8
2774,3
2775,5
2776,0
2777,0
2778,1
2779,0
2780,5
2781,9
2782,3
2783,0
2784,0
2785,1
2786,4
2787,4
2788,9
2789,4
2790,6
2791,3
2792,2
2793,1
2794,0
2795,0
2796,9
2797,5
2798,0
2799,1
2800,4
2801,0
2802,9
2803,4
2804,6
2805,9
2806,2
2807,0
2808,4
2809,9
2810,2
2811,0
2812,0
2813,8
2814,4
2815,8
2816,3
2817,3
2818,7
2819,4
2820,4
2821,8
2822,5
2823,8
2824,2
2825,9
2826,9
2827,6
2828,1
2829,0
2830,4
2831,7
2832,1
2833,3
2834,2
2835,3
2836,4
2837,0
2838,9
2839,3
2840,6
2841,5
2842,4
2843,6
2844,6
2845,2
2846,4
2847,7
2848,8
2849,4
2850,6
2851,6
2852,1
2853,2
2854,8
2855,0
2856,7
2857,8
2858,6
2859,0
2860,9
2861,7
2862,3
2863,3
2864,7
2865,5
2866,3
2867,9
2868,3
2869,7
2870,3
2871,7
2872,2
2873,2
2874,4
2875,3
2876,6
2877,5
2878,0
2879,9
2880,0
2881,9
2882,6
2883,9
2884,2
2885,0
2886,1
2887,7
2888,3
2889,2
2890,8
2891,2
2892,3
2893,8
2894,6
2895,3
2896,5
2897,3
2898,7
2899,3
2900,7
2901,9
2902,9
2903,9
2904,2
2905,0
2906,4
2907,6
2908,1
2909,0
2910,5
2911,2
2912,5
2913,3
2914,9
2915,7
2916,0
2917,1
2918,4
2919,4
2920,9
2921,1
2922,5
2923,8
2924,5
2925,1
2926,6
2927,3
2928,6
2929,9
2930,7
2931,8
2932,1
2933,0
2934,7
2935,7
2936,3
2937,8
2938,7
2939,0
2940,5
2941,4
2942,1
2943,7
2944,7
2945,5
2946,9
2947,3
2948,6
2949,3
2950,2
2951,0
2952,4
2953,0
2954,6
2955,8
2956,1
2957,3
2958,6
2959,9
2960,0
2961,9
2962,0
2963,7
2964,8
2965,5
2966,3
2967,7
2968,8
2969,9
2970,7
2971,5
2972,1
2973,4
2974,1
2975,2
2976,4
2977,9
2978,3
2979,0
2980,4
2981,5
2982,0
2983,3
2984,3
2985,0
2986,8
2987,6
2988,3
2989,4
2990,9
2991,6
2992,6
2993,5
2994,7
2995,9
2996,6
2997,0
2998,1
2999,1
3000,0
3001,9
3002,5
3003,2
3004,7
3005,3
3006,6
3007,7
3008,5
3009,3
3010,2
3011,2
3012,3
3013,5
3014,4
3015,0
3016,4
3017,3
3018,4
3019,8
3020,9
3021,4
3022,4
3023,9
3024,2
3025,1
3026,4
3027,7
3028,7
3029,7
3030,2
3031,3
3032,7
3033,9
3034,3
3035,8
3036,0
3037,7
3038,7
3039,7
3040,8
3041,7
3042,1
3043,4
3044,3
3045,7
3046,7
3047,3
3048,8
3049,8
3050,7
3051,6
3052,5
3053,9
3054,6
3055,9
3056,8
3057,4
3058,3
3059,7
3060,3
3061,5
3062,8
3063,4
3064,3
3065,4
3066,6
3067,7
3068,4
3069,8
3070,7
3071,9
3072,3
3073,7
3074,1
3075,1
3076,2
3077,1
3078,2
3079,7
3080,6
3081,6
3082,0
3083,3
3084,1
3085,4
3086,8
3087,0
3088,6
3089,9
3090,8
3091,5
3092,6
3093,9
3094,6
3095,9
3096,5
3097,3
3098,3
3099,9
3100,9
3101,3
3102,3
3103,3
3104,4
3105,2
3106,9
3107,3
3108,8
3109,9
3110,3
3111,1
3112,3
3113,3
3114,2
3115,5
3116,3
3117,9
3118,6
3119,4
3120,6
3121,6
3122,2
3123,0
3124,5
3125,8
3126,7
3127,1
3128,6
3129,0
3130,0
3131,3
3132,3
3133,7
3134,4
3135,5
3136,4
3137,1
3138,6
3139,7
3140,2
3141,4
3142,5
3143,4
3144,7
3145,9
3146,2
3147,8
3148,2
3149,9
3150,1
3151,0
3152,4
3153,7
3154,4
3155,0
3156,6
3157,6
3158,3
3159,8
3160,4
3161,9
3162,4
3163,1
3164,1
3165,1
3166,3
3167,3
3168,3
3169,6
3170,3
3171,0
3172,8
3173,9
3174,7
3175,2
3176,7
3177,8
3178,3
3179,6
3180,4
3181,6
3182,8
3183,6
3184,3
3185,1
3186,2
3187,9
3188,8
3189,1
3190,3
3191,6
3192,8
3193,1
3194,5
3195,4
3196,7
3197,1
3198,0
3199,1
3200,3
3201,7
3202,8
3203,9
3204,6
3205,0
3206,2
3207,2
3208,3
3209,7
3210,5
3211,5
3212,9
3213,8
3214,9
3215,4
3216,4
3217,3
3218,7
3219,9
3220,9
3221,8
3222,2
3223,8
3224,7
3225,0
3226,4
3227,1
3228,8
3229,6
3230,2
3231,5
3232,6
3233,4
3234,2
3235,3
3236,3
3237,6
3238,3
3239,7
3240,9
3241,1
3242,8
3243,6
3244,9
3245,4
3246,4
3247,0
3248,8
3249,1
3250,7
3251,7
3252,8
3253,9
3254,8
3255,0
3256,0
3257,6
3258,3
3259,1
3260,9
3261,3
3262,9
3263,6
3264,1
3265,6
3266,0
3267,0
3268,1
3269,6
3270,6
3271,0
3272,4
3273,3
3274,4
3275,7
3276,8
3277,3
3278,6
3279,7
3280,7
3281,9
3282,5
3283,4
3284,3
3285,3
3286,7
3287,7
3288,3
3289,9
3290,0
3291,2
3292,6
3293,1
3294,6
3295,9
3296,7
3297,1
3298,7
3299,3
3300,1
3301,4
3302,7
3303,0
3304,2
3305,7
3306,8
3307,8
3308,5
3309,9
3310,3
3311,7
3312,3
3313,2
3314,2
3315,4
3316,3
3317,9
3318,4
3319,7
3320,6
3321,1
3322,4
3323,9
3324,3
3325,7
3326,3
3327,8
3328,3
3329,7
3330,9
3331,4
3332,3
3333,0
3334,4
3335,3
3336,7
3337,8
3338,3
3339,9
3340,7
3341,7
3342,4
3343,3
3344,6
3345,6
3346,3
3347,1
3348,0
3349,0
3350,8
3351,1
3352,1
3353,9
3354,5
3355,9
3356,0
3357,3
3358,6
3359,8
3360,8
3361,3
3362,5
3363,0
3364,0
3365,8
3366,9
3367,3
3368,9
3369,7
3370,8
3371,3
3372,0
3373,8
3374,1
3375,9
3376,3
3377,9
3378,2
3379,4
3380,9
3381,8
3382,3
3383,7
3384,3
3385,3
3386,9
3387,4
3388,3
3389,1
3390,7
3391,0
3392,3
3393,7
3394,1
3395,4
3396,6
3397,7
3398,4
3399,4
3400,4
3401,6
3402,3
3403,2
3404,7
3405,7
3406,9
3407,0
3408,6
3409,9
3410,0
3411,5
3412,2
3413,8
3414,3
3415,7
3416,3
3417,6
3418,1
3419,0
3420,7
3421,2
3422,8
3423,0
3424,0
3425,7
3426,6
3427,4
3428,0
3429,9
3430,1
3431,4
3432,0
3433,2
3434,8
3435,9
3436,2
3437,3
3438,0
3439,7
3440,3
3441,0
3442,8
3443,0
3444,8
3445,1
3446,0
3447,8
3448,6
3449,2
3450,5
3451,1
3452,8
3453,2
3454,6
3455,7
3456,1
3457,7
3458,8
3459,6
3460,4
3461,1
3462,6
3463,9
3464,9
3465,4
3466,7
3467,7
3468,3
3469,9
3470,3
3471,9
3472,4
3473,2
3474,8
3475,1
3476,1
3477,8
3478,1
3479,4
3480,5
3481,0
3482,4
3483,6
3484,4
3485,6
3486,0
3487,4
3488,4
3489,6
3490,7
3491,8
3492,3
3493,7
3494,8
3495,9
3496,9
3497,7
3498,3
3499,2
3500,4
3501,7
3502,7
3503,7
3504,0
3505,3
3506,2
3507,5
3508,2
3509,5
3510,4
3511,9
3512,9
3513,9
3514,1
3515,1
3516,6
3517,9
3518,1
3519,1
3520,0
3521,9
3522,3
3523,0
3524,1
3525,4
3526,4
3527,4
3528,4
3529,4
3530,9
3531,2
3532,1
3533,7
3534,9
3535,5
3536,4
3537,3
3538,8
3539,7
3540,0
3541,8
3542,6
3543,4
3544,5
3545,2
3546,5
3547,6
3548,3
3549,0
3550,3
3551,5
3552,4
3553,5
3554,3
3555,6
3556,9
3557,6
3558,0
3559,6
3560,2
3561,8
3562,4
3563,1
3564,7
3565,7
3566,8
3567,1
3568,6
3569,3
3570,7
3571,8
3572,0
3573,6
3574,7
3575,7
3576,9
3577,7
3578,3
3579,2
3580,3
3581,5
3582,3
3583,0
3584,8
3585,8
3586,4
3587,6
3588,1
3589,9
3590,5
3591,9
3592,6
3593,2
3594,7
3595,0
3596,5
3597,9
3598,3
3599,0
3600,7
3601,2
3602,6
3603,6
3604,6
3605,5
3606,7
3607,0
3608,9
3609,8
3610,0
3611,8
3612,5
3613,2
3614,7
3615,9
3616,6
3617,6
3618,3
3619,3
3620,3
3621,0
3622,4
3623,9
3624,9
3625,5
3626,9
3627,3
3628,3
3629,3
3630,4
3631,3
3632,6
3633,2
3634,6
3635,7
3636,8
3637,7
3638,8
3639,9
3640,3
3641,3
3642,6
3643,7
3644,8
3645,0
3646,3
3647,8
3648,9
3649,0
3650,6
3651,6
3652,6
3653,1
3654,6
3655,9
3656,9
3657,1
3658,5
3659,1
3660,8
3661,9
3662,4
3663,2
3664,0
3665,3
3666,7
3667,6
3668,7
3669,3
3670,8
3671,7
3672,4
3673,7
3674,7
3675,4
3676,6
3677,3
3678,3
3679,7
3680,9
3681,3
3682,9
3683,9
3684,4
3685,9
3686,8
3687,4
3688,7
3689,7
3690,4
3691,6
3692,1
3693,0
3694,7
3695,3
3696,7
3697,6
3698,6
3699,8
3700,6
3701,7
3702,4
3703,5
3704,1
3705,6
3706,4
3707,8
3708,2
3709,9
3710,8
3711,0
3712,6
3713,2
3714,3
3715,7
3716,7
3717,3
3718,4
3719,2
3720,5
3721,8
3722,7
3723,6
3724,3
3725,3
3726,3
3727,4
3728,7
3729,5
3730,6
3731,2
3732,2
3733,1
3734,2
3735,7
3736,6
3737,4
3738,7
3739,2
3740,3
3741,3
3742,2
3743,7
3744,5
3745,8
3746,8
3747,7
3748,2
3749,4
3750,0
3751,9
3752,7
3753,9
3754,7
3755,0
3756,1
3757,1
3758,3
3759,5
3760,3
3761,4
3762,1
3763,7
3764,5
3765,3
3766,4
3767,2
3768,3
3769,2
3770,3
3771,5
3772,3
3773,3
3774,3
3775,6
3776,1
3777,6
3778,1
3779,8
3780,8
3781,4
3782,1
3783,6
3784,7
3785,5
3786,9
3787,0
3788,9
3789,2
3790,3
3791,1
3792,2
3793,6
3794,1
3795,6
3796,3
3797,2
3798,6
3799,7
3800,8
3801,1
3802,8
3803,3
3804,1
3805,0
3806,5
3807,3
3808,0
3809,5
3810,3
3811,9
3812,3
3813,4
3814,0
3815,3
3816,0
3817,2
3818,0
3819,2
3820,4
3821,3
3822,0
3823,8
3824,2
3825,4
3826,0
3827,6
3828,6
3829,2
3830,1
3831,5
3832,3
3833,1
3834,0
3835,9
3836,5
3837,0
3838,0
3839,7
3840,1
3841,2
3842,2
3843,6
3844,6
3845,2
3846,2
3847,0
3848,7
3849,2
3850,7
3851,8
3852,8
3853,4
3854,0
3855,1
3856,5
3857,0
3858,9
3859,1
3860,0
3861,9
3862,7
3863,7
3864,3
3865,8
3866,0
3867,5
3868,3
3869,0
3870,3
3871,9
3872,6
3873,0
3874,7
3875,3
3876,7
3877,5
3878,0
3879,8
3880,3
3881,0
3882,1
3883,9
3884,8
3885,6
3886,0
3887,7
3888,0
3889,5
3890,0
3891,3
3892,4
3893,8
3894,8
3895,0
3896,4
3897,1
3898,5
3899,4
3900,0
3901,6
3902,1
3903,9
3904,5
3905,4
3906,4
3907,9
3908,0
3909,7
3910,7
3911,7
3912,6
3913,0
3914,3
3915,0
3916,3
3917,5
3918,2
3919,1
3920,9
3921,5
3922,5
3923,3
3924,5
3925,6
3926,3
3927,3
3928,6
3929,5
3930,9
3931,5
3932,8
3933,3
3934,1
3935,3
3936,8
3937,2
3938,1
3939,1
3940,6
3941,3
3942,5
3943,6
3944,1
3945,3
3946,3
3947,1
3948,2
3949,7
3950,4
3951,3
3952,3
3953,3
3954,3
3955,2
3956,8
3957,9
3958,2
3959,3
3960,5
3961,3
3962,3
3963,5
3964,9
3965,5
3966,0
3967,1
3968,6
3969,8
3970,3
3971,6
3972,2
3973,0
3974,8
3975,9
3976,0
3977,4
3978,2
3979,6
3980,2
3981,6
3982,3
3983,6
3984,1
3985,8
3986,6
3987,0
3988,0
3989,5
3990,5
3991,3
3992,1
3993,4
3994,1
3995,1
3996,5
3997,2
3998,6
3999,8
4000,0
4001,2
4002,4
4003,0
4004,6
4005,5
4006,3
4007,5
4008,2
4009,2
4010,5
4011,6
4012,9
4013,0
4014,3
4015,0
4016,0
4017,1
4018,5
4019,2
4020,7
4021,2
4022,0
4023,3
4024,7
4025,7
4026,0
4027,7
4028,1
4029,8
4030,8
4031,3
4032,1
4033,8
4034,1
4035,8
4036,6
4037,7
4038,3
4039,5
4040,9
4041,3
4042,4
4043,3
4044,6
4045,3
4046,4
4047,2
4048,0
4049,5
4050,6
4051,5
4052,2
4053,4
4054,2
4055,3
4056,4
4057,8
4058,3
4059,4
4060,6
4061,3
4062,1
4063,5
4064,7
4065,3
4066,0
4067,4
4068,4
4069,8
4070,3
4071,8
4072,4
4073,7
4074,3
4075,6
4076,3
4077,6
4078,4
4079,5
4080,3
4081,9
4082,9
4083,9
4084,6
4085,4
4086,5
4087,0
4088,8
4089,4
4090,5
4091,9
4092,3
4093,4
4094,8
4095,3
4096,8
4097,9
4098,5
4099,7
4100,4
4101,7
4102,5
4103,2
4104,6
4105,2
4106,2
4107,8
4108,8
4109,5
4110,6
4111,0
4112,0
4113,6
4114,8
4115,3
4116,4
4117,7
4118,1
4119,3
4120,3
4121,7
4122,7
4123,6
4124,9
4125,9
4126,7
4127,7
4128,9
4129,0
4130,6
4131,6
4132,2
4133,1
4134,3
4135,6
4136,9
4137,4
4138,0
4139,7
4140,6
4141,6
4142,6
4143,7
4144,9
4145,6
4146,3
4147,9
4148,6
4149,9
4150,8
4151,7
4152,1
4153,9
4154,3
4155,7
4156,0
4157,4
4158,3
4159,6
4160,5
4161,1
4162,7
4163,0
4164,2
4165,4
4166,6
4167,5
4168,1
4169,9
4170,2
4171,5
4172,3
4173,7
4174,3
4175,6
4176,7
4177,9
4178,1
4179,7
4180,6
4181,4
4182,3
4183,0
4184,3
4185,6
4186,6
4187,8
4188,3
4189,5
4190,0
4191,7
4192,3
4193,2
4194,6
4195,9
4196,7
4197,4
4198,1
4199,3
4200,4
4201,3
4202,1
4203,0
4204,4
4205,6
4206,6
4207,5
4208,0
4209,9
4210,8
4211,1
4212,3
4213,4
4214,1
4215,7
4216,9
4217,6
4218,7
4219,2
4220,7
4221,3
4222,3
4223,9
4224,3
4225,0
4226,0
4227,0
4228,0
4229,2
4230,0
4231,9
4232,9
4233,1
4234,4
4235,2
4236,0
4237,9
4238,9
4239,0
4240,4
4241,0
4242,2
4243,4
4244,8
4245,0
4246,3
4247,3
4248,8
4249,4
4250,2
4251,7
4252,6
4253,7
4254,3
4255,3
4256,3
4257,7
4258,0
4259,1
4260,7
4261,7
4262,0
4263,7
4264,6
4265,2
4266,0
4267,5
4268,0
4269,1
4270,6
4271,0
4272,8
4273,4
4274,0
4275,6
4276,6
4277,2
4278,7
4279,4
4280,8
4281,6
4282,8
4283,3
4284,6
4285,3
4286,8
4287,3
4288,9
4289,2
4290,5
4291,9
4292,6
4293,8
4294,7
4295,9
4296,4
4297,0
4298,5
4299,4
4300,0
4301,5
4302,9
4303,0
4304,7
4305,0
4306,3
4307,3
4308,5
4309,2
4310,1
4311,2
4312,7
4313,8
4314,9
4315,8
4316,1
4317,0
4318,4
4319,1
4320,0
4321,1
4322,2
4323,3
4324,4
4325,7
4326,1
4327,6
4328,3
4329,9
4330,6
4331,9
4332,4
4333,3
4334,9
4335,6
4336,6
4337,8
4338,0
4339,2
4340,4
4341,6
4342,1
4343,6
4344,7
4345,9
4346,0
4347,8
4348,8
4349,1
4350,2
4351,9
4352,1
4353,3
4354,9
4355,3
4356,3
4357,6
4358,1
4359,0
4360,8
4361,9
4362,7
4363,2
4364,9
4365,1
4366,5
4367,7
4368,9
4369,9
4370,1
4371,9
4372,5
4373,7
4374,9
4375,0
4376,1
4377,0
4378,0
4379,1
4380,7
4381,7
4382,1
4383,6
4384,0
4385,2
4386,8
4387,0
4388,4
4389,8
4390,1
4391,2
4392,3
4393,9
4394,6
4395,4
4396,3
4397,3
4398,2
4399,7
4400,3
4401,4
4402,4
4403,3
4404,3
4405,9
4406,9
4407,2
4408,7
4409,8
4410,3
4411,0
4412,2
4413,4
4414,6
4415,4
4416,3
4417,5
4418,1
4419,9
4420,8
4421,6
4422,7
4423,0
4424,7
4425,6
4426,8
4427,3
4428,9
4429,2
4430,7
4431,2
4432,0
4433,3
4434,4
4435,3
4436,4
4437,9
4438,9
4439,9
4440,8
4441,3
4442,1
4443,8
4444,1
4445,5
4446,3
4447,9
4448,0
4449,2
4450,9
4451,3
4452,8
4453,8
4454,8
4455,0
4456,7
4457,1
4458,2
4459,3
4460,6
4461,8
4462,3
4463,8
4464,6
4465,4
4466,9
4467,4
4468,7
4469,9
4470,5
4471,9
4472,8
4473,8
4474,5
4475,6
4476,6
4477,6
4478,7
4479,3
4480,1
4481,0
4482,9
4483,9
4484,8
4485,5
4486,7
4487,1
4488,2
4489,6
4490,2
4491,7
4492,7
4493,0
4494,9
4495,8
4496,8
4497,0
4498,3
4499,7
4500,0
4501,3
4502,1
4503,7
4504,6
4505,5
4506,7
4507,4
4508,8
4509,5
4510,3
4511,9
4512,3
4513,5
4514,5
4515,3
4516,2
4517,6
4518,8
4519,1
4520,3
4521,3
4522,0
4523,9
4524,6
4525,1
4526,6
4527,9
4528,5
4529,2
4530,8
4531,1
4532,4
4533,3
4534,7
4535,4
4536,3
4537,2
4538,9
4539,6
4540,4
4541,9
4542,0
4543,1
4544,3
4545,9
4546,3
4547,5
4548,9
4549,8
4550,2
4551,8
4552,9
4553,0
4554,1
4555,1
4556,1
4557,3
4558,2
4559,9
4560,9
4561,9
4562,6
4563,3
4564,7
4565,0
4566,2
4567,9
4568,7
4569,0
4570,3
4571,3
4572,0
4573,9
4574,9
4575,6
4576,2
4577,2
4578,6
4579,8
4580,5
4581,0
4582,3
4583,8
4584,5
4585,4
4586,6
4587,4
4588,2
4589,4
4590,5
4591,4
4592,5
4593,8
4594,3
4595,1
4596,4
4597,7
4598,8
4599,3
4600,2
4601,8
4602,0
4603,7
4604,7
4605,7
4606,3
4607,2
4608,9
4609,6
4610,3
4611,0
4612,3
4613,2
4614,1
4615,0
4616,0
4617,0
4618,6
4619,4
4620,1
4621,8
4622,0
4623,4
4624,3
4625,5
4626,8
4627,0
4628,9
4629,6
4630,3
4631,6
4632,8
4633,8
4634,5
4635,3
4636,2
4637,6
4638,9
4639,8
4640,2
4641,5
4642,0
4643,0
4644,3
4645,2
4646,9
4647,8
4648,9
4649,6
4650,9
4651,6
4652,0
4653,2
4654,7
4655,0
4656,0
4657,1
4658,4
4659,0
4660,3
4661,4
4662,3
4663,3
4664,3
4665,5
4666,4
4667,0
4668,9
4669,1
4670,6
4671,9
4672,1
4673,0
4674,8
4675,1
4676,3
4677,1
4678,4
4679,6
4680,7
4681,2
4682,4
4683,9
4684,3
4685,7
4686,3
4687,0
4688,0
4689,3
4690,8
4691,9
4692,7
4693,4
4694,7
4695,1
4696,9
4697,5
4698,3
4699,1
4700,7
4701,3
4702,7
4703,6
4704,0
4705,9
4706,7
4707,7
4708,0
4709,1
4710,9
4711,8
4712,7
4713,9
4714,1
4715,3
4716,8
4717,8
4718,0
4719,1
4720,8
4721,5
4722,9
4723,3
4724,5
4725,2
4726,9
4727,9
4728,4
4729,7
4730,0
4731,9
4732,1
4733,3
4734,3
4735,7
4736,2
4737,4
4738,4
4739,1
4740,0
4741,3
4742,6
4743,2
4744,1
4745,3
4746,9
4747,0
4748,0
4749,7
4750,5
4751,4
4752,9
4753,7
4754,0
4755,3
4756,1
4757,5
4758,8
4759,8
4760,9
4761,5
4762,9
4763,3
4764,7
4765,4
4766,3
4767,6
4768,7
4769,1
4770,3
4771,3
4772,9
4773,0
4774,9
4775,1
4776,7
4777,3
4778,4
4779,2
4780,3
4781,3
4782,1
4783,7
4784,8
4785,1
4786,3
4787,3
4788,7
4789,7
4790,1
4791,9
4792,8
4793,7
4794,8
4795,1
4796,4
4797,8
4798,0
4799,2
4800,4
4801,3
4802,9
4803,8
4804,2
4805,6
4806,3
4807,6
4808,0
4809,0
4810,0
4811,6
4812,2
4813,1
4814,3
4815,8
4816,1
4817,7
4818,4
4819,6
4820,6
4821,9
4822,2
4823,7
4824,1
4825,8
4826,1
4827,7
4828,1
4829,3
4830,8
4831,9
4832,4
4833,7
4834,0
4835,1
4836,1
4837,5
4838,3
4839,3
4840,8
4841,9
4842,4
4843,8
4844,1
4845,3
4846,6
4847,5
4848,3
4849,5
4850,2
4851,5
4852,8
4853,0
4854,9
4855,6
4856,7
4857,0
4858,3
4859,2
4860,3
4861,1
4862,9
4863,9
4864,0
4865,4
4866,1
4867,9
4868,0
4869,4
4870,3
4871,7
4872,7
4873,0
4874,3
4875,3
4876,6
4877,5
4878,3
4879,2
4880,1
4881,1
4882,6
4883,9
4884,8
4885,9
4886,7
4887,4
4888,3
4889,8
4890,0
4891,9
4892,9
4893,7
4894,3
4895,6
4896,3
4897,3
4898,3
4899,2
4900,3
4901,8
4902,1
4903,5
4904,7
4905,6
4906,7
4907,0
4908,6
4909,1
4910,6
4911,0
4912,2
4913,4
4914,4
4915,4
4916,9
4917,4
4918,3
4919,7
4920,3
4921,7
4922,3
4923,7
4924,7
4925,5
4926,0
4927,3
4928,4
4929,8
4930,7
4931,7
4932,3
4933,3
4934,3
4935,4
4936,6
4937,7
4938,5
4939,8
4940,4
4941,0
4942,1
4943,9
4944,2
4945,3
4946,2
4947,6
4948,5
4949,1
4950,9
4951,7
4952,4
4953,3
4954,4
4955,4
4956,4
4957,3
4958,1
4959,0
4960,1
4961,3
4962,2
4963,5
4964,9
4965,3
4966,3
4967,4
4968,7
4969,7
4970,8
4971,3
4972,3
4973,2
4974,9
4975,7
4976,1
4977,4
4978,0
4979,0
4980,3
4981,5
4982,9
4983,3
4984,7
4985,3
4986,5
4987,8
4988,7
4989,7
4990,3
4991,5
4992,8
4993,2
4994,3
4995,9
4996,0
4997,2
4998,1
4999,7
5000,9
5001,7
5002,9
5003,4
5004,4
5005,9
5006,3
5007,0
5008,7
5009,6
5010,7
5011,8
5012,7
5013,6
5014,3
5015,7
5016,8
5017,0
5018,7
5019,8
5020,8
5021,2
5022,3
5023,1
5024,0
5025,0
5026,0
5027,3
5028,3
5029,0
5030,9
5031,1
5032,3
5033,4
5034,6
5035,6
5036,3
5037,8
5038,2
5039,9
5040,8
5041,9
5042,9
5043,9
5044,6
5045,8
5046,4
5047,3
5048,9
5049,5
5050,8
5051,5
5052,7
5053,8
5054,1
5055,4
5056,9
5057,3
5058,5
5059,8
5060,0
5061,1
5062,6
5063,9
5064,3
5065,3
5066,2
5067,8
5068,7
5069,0
5070,3
5071,3
5072,6
5073,5
5074,3
5075,3
5076,2
5077,0
5078,2
5079,6
5080,3
5081,3
5082,3
5083,3
5084,5
5085,6
5086,9
5087,3
5088,2
5089,7
5090,3
5091,3
5092,3
5093,3
5094,6
5095,3
5096,4
5097,3
5098,2
5099,3
5100,8
5101,0
5102,6
5103,4
5104,7
5105,9
5106,9
5107,0
5108,8
5109,9
5110,7
5111,7
5112,0
5113,4
5114,7
5115,3
5116,0
5117,6
5118,0
5119,3
5120,9
5121,7
5122,9
5123,7
5124,0
5125,6
5126,9
5127,0
5128,0
5129,6
5130,9
5131,6
5132,4
5133,3
5134,3
5135,2
5136,7
5137,8
5138,0
5139,5
5140,7
5141,0
5142,8
5143,6
5144,6
5145,0
5146,9
5147,7
5148,3
5149,9
5150,6
5151,9
5152,4
5153,4
5154,1
5155,3
5156,4
5157,3
5158,5
5159,4
5160,4
5161,6
5162,4
5163,2
5164,7
5165,1
5166,3
5167,1
5168,6
5169,3
5170,1
5171,6
5172,3
5173,6
5174,7
5175,2
5176,3
5177,6
5178,4
5179,6
5180,3
5181,7
5182,7
5183,6
5184,3
5185,5
5186,2
5187,1
5188,3
5189,5
5190,2
5191,9
5192,0
5193,7
5194,8
5195,8
5196,3
5197,6
5198,8
5199,2
5200,3
5201,7
5202,1
5203,4
5204,8
5205,9
5206,7
5207,7
5208,9
5209,2
5210,7
5211,8
5212,7
5213,7
5214,6
5215,1
5216,8
5217,3
5218,9
5219,0
5220,9
5221,5
5222,8
5223,1
5224,7
5225,9
5226,9
5227,8
5228,4
5229,7
5230,4
5231,0
5232,8
5233,9
5234,4
5235,7
5236,6
5237,1
5238,2
5239,6
5240,3
5241,3
5242,3
5243,8
5244,9
5245,1
5246,6
5247,9
5248,6
5249,7
5250,3
5251,4
5252,4
5253,7
5254,3
5255,6
5256,3
5257,5
5258,7
5259,2
5260,6
5261,9
5262,7
5263,6
5264,3
5265,4
5266,4
5267,3
5268,8
5269,6
5270,8
5271,8
5272,6
5273,0
5274,3
5275,8
5276,1
5277,7
5278,2
5279,2
5280,2
5281,3
5282,9
5283,6
5284,6
5285,6
5286,5
5287,3
5288,8
5289,0
5290,3
5291,4
5292,6
5293,5
5294,2
5295,7
5296,8
5297,1
5298,5
5299,1
5300,3
5301,1
5302,4
5303,7
5304,6
5305,9
5306,7
5307,1
5308,1
5309,3
5310,9
5311,7
5312,9
5313,3
5314,3
5315,9
5316,3
5317,9
5318,3
5319,5
5320,6
5321,4
5322,3
5323,3
5324,1
5325,4
5326,8
5327,1
5328,7
5329,8
5330,4
5331,0
5332,1
5333,5
5334,2
5335,7
5336,6
5337,6
5338,7
5339,6
5340,4
5341,6
5342,8
5343,3
5344,8
5345,3
5346,8
5347,8
5348,0
5349,9
5350,2
5351,4
5352,1
5353,7
5354,4
5355,8
5356,9
5357,3
5358,4
5359,4
5360,0
5361,8
5362,3
5363,4
5364,3
5365,0
5366,5
5367,1
5368,4
5369,3
5370,7
5371,0
5372,0
5373,8
5374,5
5375,6
5376,1
5377,7
5378,3
5379,4
5380,7
5381,7
5382,7
5383,6
5384,4
5385,6
5386,2
5387,3
5388,5
5389,5
5390,2
5391,8
5392,1
5393,1
5394,9
5395,7
5396,3
5397,0
5398,7
5399,4
5400,0
5401,8
5402,8
5403,9
5404,9
5405,6
5406,9
5407,3
5408,5
5409,3
5410,4
5411,7
5412,3
5413,9
5414,3
5415,9
5416,3
5417,6
5418,3
5419,4
5420,8
5421,5
5422,4
5423,7
5424,3
5425,2
5426,6
5427,6
5428,6
5429,5
5430,4
5431,4
5432,6
5433,2
5434,7
5435,7
5436,9
5437,6
5438,9
5439,6
5440,3
5441,9
5442,3
5443,8
5444,6
5445,3
5446,0
5447,6
5448,0
5449,1
5450,9
5451,6
5452,2
5453,3
5454,9
5455,7
5456,7
5457,6
5458,8
5459,3
5460,2
5461,8
5462,6
5463,9
5464,3
5465,3
5466,0
5467,4
5468,3
5469,3
5470,0
5471,5
5472,4
5473,2
5474,3
5475,3
5476,7
5477,2
5478,3
5479,4
5480,0
5481,9
5482,4
5483,1
5484,4
5485,2
5486,7
5487,8
5488,8
5489,3
5490,3
5491,5
5492,2
5493,6
5494,8
5495,5
5496,4
5497,6
5498,6
5499,1
5500,3
5501,0
5502,1
5503,0
5504,9
5505,9
5506,6
5507,6
5508,4
5509,9
5510,8
5511,8
5512,1
5513,0
5514,1
5515,1
5516,7
5517,0
5518,8
5519,3
5520,6
5521,7
5522,0
5523,6
5524,3
5525,9
5526,3
5527,9
5528,7
5529,3
5530,7
5531,3
5532,8
5533,8
5534,7
5535,4
5536,3
5537,1
5538,9
5539,7
5540,7
5541,3
5542,8
5543,0
5544,0
5545,7
5546,9
5547,7
5548,1
5549,4
5550,7
5551,7
5552,9
5553,6
5554,6
5555,0
5556,4
5557,7
5558,3
5559,3
5560,8
5561,4
5562,9
5563,6
5564,3
5565,7
5566,1
5567,6
5568,0
5569,9
5570,6
5571,6
5572,6
5573,4
5574,0
5575,6
5576,6
5577,8
5578,3
5579,8
5580,0
5581,6
5582,3
5583,7
5584,5
5585,4
5586,2
5587,6
5588,8
5589,7
5590,9
5591,1
5592,6
5593,0
5594,5
5595,5
5596,7
5597,3
5598,3
5599,0
5600,0
5601,4
5602,4
5603,0
5604,7
5605,1
5606,2
5607,7
5608,3
5609,1
5610,4
5611,9
5612,1
5613,9
5614,7
5615,0
5616,3
5617,0
5618,0
5619,3
5620,5
5621,6
5622,3
5623,2
5624,3
5625,4
5626,8
5627,8
5628,9
5629,6
5630,8
5631,8
5632,6
5633,3
5634,9
5635,1
5636,6
5637,6
5638,8
5639,8
5640,7
5641,7
5642,3
5643,1
5644,1
5645,7
5646,2
5647,0
5648,3
5649,2
5650,7
5651,7
5652,7
5653,7
5654,3
5655,8
5656,1
5657,7
5658,5
5659,8
5660,9
5661,3
5662,3
5663,7
5664,7
5665,4
5666,1
5667,1
5668,0
5669,8
5670,3
5671,2
5672,7
5673,8
5674,1
5675,6
5676,9
5677,3
5678,9
5679,1
5680,0
5681,7
5682,6
5683,9
5684,8
5685,3
5686,8
5687,6
5688,9
5689,0
5690,7
5691,3
5692,7
5693,3
5694,6
5695,5
5696,9
5697,4
5698,2
5699,0
5700,2
5701,3
5702,6
5703,3
5704,9
5705,4
5706,7
5707,9
5708,6
5709,6
5710,1
5711,0
5712,3
5713,9
5714,8
5715,1
5716,9
5717,3
5718,3
5719,0
5720,4
5721,7
5722,7
5723,4
5724,1
5725,3
5726,9
5727,5
5728,3
5729,4
5730,8
5731,6
5732,9
5733,7
5734,3
5735,3
5736,2
5737,9
5738,4
5739,1
5740,3
5741,7
5742,2
5743,9
5744,3
5745,3
5746,0
5747,5
5748,7
5749,3
5750,6
5751,4
5752,4
5753,6
5754,1
5755,1
5756,7
5757,5
5758,0
5759,3
5760,8
5761,7
5762,5
5763,9
5764,2
5765,7
5766,4
5767,8
5768,3
5769,1
5770,1
5771,2
5772,6
5773,3
5774,2
5775,3
5776,2
5777,1
5778,4
5779,1
5780,2
5781,7
5782,3
5783,1
5784,1
5785,6
5786,1
5787,1
5788,6
5789,8
5790,3
5791,3
5792,6
5793,4
5794,2
5795,1
5796,3
5797,0
5798,5
5799,7
5800,7
5801,7
5802,8
5803,3
5804,3
5805,2
5806,0
5807,5
5808,6
5809,9
5810,3
5811,8
5812,1
5813,7
5814,7
5815,2
5816,3
5817,7
5818,9
5819,5
5820,1
5821,0
5822,7
5823,1
5824,7
5825,7
5826,0
5827,3
5828,6
5829,7
5830,8
5831,3
5832,9
5833,9
5834,8
5835,2
5836,8
5837,1
5838,8
5839,6
5840,5
5841,0
5842,3
5843,7
5844,6
5845,9
5846,3
5847,3
5848,9
5849,0
5850,0
5851,2
5852,5
5853,7
5854,3
5855,1
5856,6
5857,9
5858,8
5859,3
5860,4
5861,3
5862,6
5863,8
5864,9
5865,3
5866,9
5867,9
5868,6
5869,1
5870,9
5871,0
5872,3
5873,6
5874,5
5875,0
5876,4
5877,6
5878,4
5879,6
5880,4
5881,3
5882,4
5883,6
5884,6
5885,0
5886,6
5887,8
5888,0
5889,3
5890,3
5891,1
5892,1
5893,9
5894,2
5895,9
5896,2
5897,3
5898,0
5899,3
5900,8
5901,0
5902,4
5903,3
5904,0
5905,7
5906,3
5907,4
5908,6
5909,8
5910,3
5911,7
5912,2
5913,7
5914,9
5915,7
5916,7
5917,0
5918,6
5919,5
5920,3
5921,3
5922,3
5923,1
5924,9
5925,6
5926,2
5927,7
5928,3
5929,6
5930,4
5931,7
5932,4
5933,4
5934,0
5935,3
5936,5
5937,3
5938,0
5939,7
5940,3
5941,2
5942,5
5943,6
5944,6
5945,0
5946,1
5947,9
5948,6
5949,3
5950,7
5951,5
5952,8
5953,4
5954,0
5955,0
5956,4
5957,3
5958,4
5959,0
5960,7
5961,1
5962,2
5963,6
5964,2
5965,8
5966,9
5967,2
5968,5
5969,5
5970,1
5971,3
5972,5
5973,1
5974,7
5975,7
5976,3
5977,3
5978,4
5979,3
5980,3
5981,9
5982,2
5983,8
5984,5
5985,6
5986,2
5987,3
5988,3
5989,6
5990,8
5991,4
5992,6
5993,3
5994,6
5995,8
5996,9
5997,7
5998,3
5999,5
6000,3
6001,2
6002,0
6003,7
6004,7
6005,6
6006,1
6007,0
6008,5
6009,5
6010,3
6011,8
6012,6
6013,0
6014,3
6015,2
6016,5
6017,3
6018,0
6019,3
6020,1
6021,7
6022,9
6023,7
6024,8
6025,1
6026,4
6027,3
6028,3
6029,3
6030,7
6031,1
6032,3
6033,8
6034,8
6035,4
6036,1
6037,5
6038,8
6039,6
6040,3
6041,7
6042,7
6043,9
6044,3
6045,6
6046,6
6047,1
6048,4
6049,3
6050,0
6051,7
6052,3
6053,7
6054,9
6055,1
6056,8
6057,2
6058,6
6059,4
6060,6
6061,3
6062,9
6063,8
6064,8
6065,9
6066,0
6067,1
6068,1
6069,5
6070,7
6071,4
6072,0
6073,0
6074,2
6075,1
6076,0
6077,1
6078,2
6079,4
6080,0
6081,2
6082,3
6083,7
6084,8
6085,3
6086,3
6087,8
6088,8
6089,3
6090,0
6091,3
6092,5
6093,6
6094,4
6095,6
6096,4
6097,3
6098,8
6099,9
6100,6
6101,0
6102,7
6103,9
6104,4
6105,2
6106,2
6107,8
6108,7
6109,1
6110,3
6111,9
6112,2
6113,8
6114,3
6115,8
6116,9
6117,2
6118,7
6119,8
6120,1
6121,0
6122,1
6123,8
6124,8
6125,6
6126,4
6127,4
6128,4
6129,2
6130,8
6131,4
6132,7
6133,2
6134,8
6135,0
6136,5
6137,2
6138,0
6139,0
6140,3
6141,4
6142,3
6143,7
6144,9
6145,3
6146,0
6147,8
6148,0
6149,1
6150,1
6151,8
6152,7
6153,3
6154,8
6155,7
6156,3
6157,9
6158,7
6159,1
6160,9
6161,0
6162,3
6163,9
6164,8
6165,3
6166,4
6167,2
6168,4
6169,7
6170,3
6171,6
6172,0
6173,0
6174,7
6175,1
6176,1
6177,4
6178,3
6179,3
6180,9
6181,3
6182,0
6183,3
6184,3
6185,6
6186,2
6187,9
6188,1
6189,7
6190,1
6191,3
6192,9
6193,8
6194,1
6195,6
6196,7
6197,7
6198,8
6199,8
6200,2
6201,2
6202,1
6203,0
6204,3
6205,7
6206,4
6207,7
6208,6
6209,0
6210,1
6211,9
6212,5
6213,0
6214,8
6215,3
6216,9
6217,9
6218,4
6219,3
6220,4
6221,0
6222,2
6223,1
6224,1
6225,6
6226,6
6227,9
6228,7
6229,5
6230,1
6231,7
6232,6
6233,9
6234,1
6235,8
6236,9
6237,4
6238,4
6239,6
6240,1
6241,0
6242,1
6243,9
6244,6
6245,9
6246,8
6247,6
6248,9
6249,9
6250,6
6251,3
6252,8
6253,1
6254,1
6255,9
6256,9
6257,0
6258,7
6259,0
6260,4
6261,3
6262,3
6263,2
6264,3
6265,7
6266,1
6267,3
6268,3
6269,9
6270,8
6271,9
6272,3
6273,8
6274,3
6275,0
6276,9
6277,7
6278,3
6279,6
6280,4
6281,9
6282,2
6283,8
6284,3
6285,8
6286,7
6287,4
6288,4
6289,6
6290,0
6291,3
6292,1
6293,7
6294,7
6295,8
6296,3
6297,6
6298,6
6299,8
6300,1
6301,5
6302,9
6303,0
6304,4
6305,1
6306,4
6307,3
6308,0
6309,6
6310,6
6311,1
6312,1
6313,1
6314,3
6315,1
6316,1
6317,4
6318,9
6319,6
6320,8
6321,0
6322,4
6323,6
6324,4
6325,9
6326,0
6327,3
6328,7
6329,3
6330,6
6331,8
6332,5
6333,6
6334,6
6335,6
6336,1
6337,2
6338,8
6339,9
6340,7
6341,4
6342,3
6343,1
6344,0
6345,6
6346,9
6347,3
6348,3
6349,5
6350,3
6351,4
6352,3
6353,3
6354,0
6355,6
6356,5
6357,6
6358,2
6359,1
6360,7
6361,7
6362,1
6363,9
6364,7
6365,8
6366,6
6367,2
6368,1
6369,8
6370,4
6371,0
6372,0
6373,1
6374,3
6375,8
6376,9
6377,7
6378,1
6379,1
6380,0
6381,9
6382,3
6383,9
6384,6
6385,1
6386,7
6387,0
6388,8
6389,0
6390,6
6391,7
6392,3
6393,4
6394,7
6395,2
6396,3
6397,7
6398,7
6399,4
6400,1
6401,4
6402,7
6403,4
6404,0
6405,1
6406,1
6407,3
6408,2
6409,5
6410,9
6411,8
6412,1
6413,1
6414,2
6415,0
6416,7
6417,0
6418,4
6419,1
6420,0
6421,6
6422,1
6423,3
6424,9
6425,8
6426,4
6427,8
6428,3
6429,6
6430,0
6431,0
6432,7
6433,3
6434,9
6435,6
6436,1
6437,8
6438,7
6439,4
6440,4
6441,6
6442,1
6443,1
6444,9
6445,5
6446,3
6447,9
6448,7
6449,7
6450,8
6451,2
6452,3
6453,3
6454,7
6455,8
6456,0
6457,7
6458,0
6459,8
6460,7
6461,6
6462,8
6463,6
6464,0
6465,8
6466,6
6467,3
6468,4
6469,1
6470,7
6471,6
6472,5
6473,3
6474,6
6475,0
6476,7
6477,6
6478,3
6479,7
6480,9
6481,0
6482,2
6483,0
6484,8
6485,9
6486,6
6487,7
6488,3
6489,0
6490,1
6491,0
6492,1
6493,8
6494,3
6495,3
6496,6
6497,0
6498,1
6499,6
6500,4
6501,1
6502,6
6503,8
6504,4
6505,4
6506,1
6507,3
6508,3
6509,8
6510,7
6511,2
6512,8
6513,1
6514,2
6515,9
6516,4
6517,8
6518,3
6519,1
6520,1
6521,0
6522,6
6523,1
6524,9
6525,7
6526,6
6527,0
6528,7
6529,4
6530,7
6531,3
6532,3
6533,7
6534,9
6535,3
6536,3
6537,5
6538,4
6539,7
6540,8
6541,3
6542,3
6543,6
6544,0
6545,7
6546,3
6547,2
6548,3
6549,9
6550,6
6551,8
6552,7
6553,1
6554,9
6555,7
6556,1
6557,5
6558,1
6559,9
6560,2
6561,9
6562,5
6563,4
6564,8
6565,4
6566,7
6567,9
6568,5
6569,7
6570,0
6571,7
6572,2
6573,4
6574,3
6575,3
6576,2
6577,3
6578,7
6579,8
6580,7
6581,2
6582,7
6583,0
6584,1
6585,7
6586,7
6587,6
6588,3
6589,6
6590,7
6591,1
6592,4
6593,9
6594,5
6595,1
6596,0
6597,1
6598,6
6599,5
6600,1
6601,7
6602,0
6603,2
6604,4
6605,4
6606,1
6607,0
6608,7
6609,7
6610,3
6611,4
6612,7
6613,7
6614,7
6615,3
6616,0
6617,4
6618,2
6619,0
6620,3
6621,4
6622,7
6623,7
6624,1
6625,0
6626,9
6627,3
6628,3
6629,5
6630,6
6631,0
6632,3
6633,9
6634,9
6635,1
6636,3
6637,3
6638,0
6639,3
6640,6
6641,0
6642,7
6643,1
6644,7
6645,9
6646,3
6647,5
6648,2
6649,4
6650,0
6651,6
6652,0
6653,7
6654,7
6655,3
6656,0
6657,7
6658,6
6659,5
6660,9
6661,4
6662,9
6663,4
6664,0
6665,8
6666,2
6667,7
6668,1
6669,1
6670,7
6671,7
6672,7
6673,9
6674,6
6675,8
6676,6
6677,0
6678,5
6679,5
6680,7
6681,3
6682,8
6683,0
6684,3
6685,2
6686,9
6687,9
6688,1
6689,6
6690,0
6691,7
6692,1
6693,7
6694,4
6695,6
6696,7
6697,9
6698,8
6699,3
6700,4
6701,6
6702,7
6703,9
6704,9
6705,9
6706,5
6707,3
6708,6
6709,3
6710,9
6711,0
6712,7
6713,1
6714,9
6715,8
6716,9
6717,4
6718,8
6719,0
6720,7
6721,4
6722,2
6723,9
6724,2
6725,6
6726,4
6727,1
6728,7
6729,4
6730,4
6731,0
6732,1
6733,3
6734,1
6735,0
6736,1
6737,8
6738,7
6739,9
6740,9
6741,7
6742,8
6743,3
6744,5
6745,5
6746,5
6747,7
6748,5
6749,9
6750,7
6751,8
6752,5
6753,9
6754,7
6755,7
6756,3
6757,6
6758,0
6759,7
6760,1
6761,3
6762,8
6763,3
6764,6
6765,5
6766,6
6767,0
6768,5
6769,0
6770,8
6771,1
6772,7
6773,8
6774,8
6775,3
6776,0
6777,2
6778,1
6779,8
6780,1
6781,4
6782,0
6783,8
6784,8
6785,1
6786,1
6787,9
6788,9
6789,3
6790,0
6791,7
6792,3
6793,3
6794,8
6795,0
6796,4
6797,7
6798,2
6799,3
6800,3
6801,3
6802,2
6803,7
6804,4
6805,6
6806,3
6807,4
6808,4
6809,8
6810,8
6811,0
6812,9
6813,2
6814,6
6815,6
6816,5
6817,4
6818,4
6819,0
6820,6
6821,9
6822,1
6823,7
6824,6
6825,7
6826,4
6827,9
6828,3
6829,7
6830,4
6831,3
6832,9
6833,7
6834,8
6835,8
6836,2
6837,2
6838,3
6839,5
6840,6
6841,9
6842,3
6843,0
6844,3
6845,1
6846,7
6847,4
6848,5
6849,4
6850,1
6851,6
6852,9
6853,6
6854,0
6855,5
6856,7
6857,2
6858,3
6859,1
6860,7
6861,6
6862,5
6863,3
6864,1
6865,7
6866,9
6867,3
6868,3
6869,7
6870,6
6871,6
6872,6
6873,8
6874,4
6875,3
6876,3
6877,6
6878,9
6879,1
6880,4
6881,3
6882,3
6883,7
6884,7
6885,8
6886,3
6887,2
6888,1
6889,7
6890,9
6891,1
6892,2
6893,4
6894,5
6895,9
6896,0
6897,2
6898,3
6899,4
6900,9
6901,8
6902,3
6903,1
6904,1
6905,5
6906,1
6907,4
6908,0
6909,3
6910,3
6911,7
6912,0
6913,0
6914,7
6915,3
6916,1
6917,3
6918,8
6919,9
6920,9
6921,7
6922,9
6923,0
6924,1
6925,5
6926,3
6927,0
6928,2
6929,7
6930,1
6931,1
6932,0
6933,3
6934,0
6935,8
6936,8
6937,5
6938,7
6939,2
6940,8
6941,2
6942,4
6943,7
6944,3
6945,5
6946,6
6947,6
6948,0
6949,8
6950,8
6951,2
6952,7
6953,7
6954,3
6955,3
6956,9
6957,7
6958,9
6959,0
6960,5
6961,4
6962,7
6963,1
6964,6
6965,0
6966,2
6967,0
6968,4
6969,1
6970,3
6971,2
6972,0
6973,7
6974,2
6975,2
6976,7
6977,3
6978,2
6979,0
6980,3
6981,0
6982,2
6983,3
6984,1
6985,5
6986,7
6987,2
6988,3
6989,4
6990,3
6991,4
6992,8
6993,1
6994,9
6995,6
6996,8
6997,1
6998,1
6999,8
7000,8
7001,0
7002,7
7003,5
7004,9
7005,1
7006,4
7007,4
7008,1
7009,2
7010,7
7011,3
7012,3
7013,9
7014,9
7015,1
7016,1
7017,2
7018,8
7019,3
7020,3
7021,8
7022,7
7023,3
7024,0
7025,0
7026,8
7027,7
7028,9
7029,1
7030,3
7031,3
7032,8
7033,0
7034,0
7035,9
7036,7
7037,0
7038,7
7039,5
7040,3
7041,6
7042,0
7043,0
7044,8
7045,9
7046,9
7047,6
7048,9
7049,3
7050,7
7051,3
7052,0
7053,3
7054,4
7055,8
7056,4
7057,1
7058,3
7059,3
7060,0
7061,8
7062,9
7063,3
7064,3
7065,1
7066,3
7067,0
7068,4
7069,0
7070,6
7071,7
7072,3
7073,6
7074,9
7075,7
7076,3
7077,7
7078,7
7079,1
7080,4
7081,3
7082,6
7083,3
7084,2
7085,9
7086,5
7087,1
7088,9
7089,5
7090,4
7091,8
7092,6
7093,7
7094,7
7095,7
7096,1
7097,3
7098,7
7099,8
7100,1
7101,0
7102,1
7103,1
7104,0
7105,4
7106,9
7107,4
7108,1
7109,8
7110,3
7111,9
7112,5
7113,8
7114,1
7115,5
7116,4
7117,2
7118,7
7119,2
7120,6
7121,6
7122,5
7123,6
7124,9
7125,1
7126,7
7127,3
7128,9
7129,3
7130,6
7131,6
7132,8
7133,6
7134,7
7135,6
7136,6
7137,9
7138,3
7139,1
7140,2
7141,8
7142,0
7143,1
7144,3
7145,4
7146,5
7147,0
7148,2
7149,4
7150,3
7151,9
7152,1
7153,7
7154,6
7155,8
7156,2
7157,9
7158,1
7159,3
7160,0
7161,5
7162,9
7163,3
7164,1
7165,0
7166,0
7167,7
7168,3
7169,6
7170,6
7171,0
7172,4
7173,2
7174,6
7175,7
7176,1
7177,3
7178,1
7179,1
7180,0
7181,9
7182,8
7183,4
7184,8
7185,6
7186,2
7187,2
7188,4
7189,8
7190,3
7191,1
7192,7
7193,7
7194,3
7195,3
7196,3
7197,0
7198,7
7199,5
7200,6
7201,9
7202,8
7203,5
7204,2
7205,3
7206,6
7207,7
7208,8
7209,3
7210,1
7211,8
7212,3
7213,6
7214,2
7215,3
7216,9
7217,6
7218,0
7219,7
7220,4
7221,4
7222,6
7223,3
7224,3
7225,3
7226,9
7227,9
7228,1
7229,0
7230,9
7231,3
7232,0
7233,7
7234,4
7235,0
7236,0
7237,8
7238,6
7239,8
7240,6
7241,4
7242,3
7243,8
7244,6
7245,3
7246,9
7247,7
7248,6
7249,8
7250,3
7251,7
7252,2
7253,6
7254,5
7255,4
7256,0
7257,3
7258,3
7259,1
7260,4
7261,9
7262,2
7263,7
7264,3
7265,2
7266,3
7267,1
7268,8
7269,2
7270,0
7271,8
7272,3
7273,1
7274,2
7275,6
7276,2
7277,3
7278,1
7279,1
7280,9
7281,5
7282,8
7283,9
7284,3
7285,3
7286,7
7287,6
7288,2
7289,8
7290,6
7291,7
7292,4
7293,0
7294,4
7295,1
7296,9
7297,0
7298,2
7299,0
7300,3
7301,6
7302,9
7303,3
7304,4
7305,7
7306,0
7307,3
7308,6
7309,5
7310,6
7311,1
7312,8
7313,7
7314,7
7315,6
7316,6
7317,8
7318,8
7319,7
7320,7
7321,9
7322,3
7323,5
7324,3
7325,8
7326,5
7327,7
7328,7
7329,3
7330,3
7331,3
7332,2
7333,8
7334,1
7335,3
7336,0
7337,3
7338,4
7339,3
7340,7
7341,3
7342,1
7343,2
7344,8
7345,7
7346,9
7347,4
7348,1
7349,7
7350,2
7351,3
7352,3
7353,6
7354,3
7355,9
7356,3
7357,3
7358,7
7359,4
7360,3
7361,3
7362,0
7363,2
7364,2
7365,1
7366,9
7367,1
7368,5
7369,3
7370,0
7371,6
7372,6
7373,8
7374,8
7375,8
7376,2
7377,2
7378,1
7379,7
7380,7
7381,8
7382,3
7383,1
7384,8
7385,5
7386,1
7387,6
7388,8
7389,3
7390,0
7391,3
7392,4
7393,2
7394,7
7395,9
7396,6
7397,9
7398,2
7399,7
7400,2
7401,8
7402,8
7403,3
7404,3
7405,5
7406,2
7407,6
7408,4
7409,8
7410,7
7411,0
7412,7
7413,7
7414,2
7415,4
7416,8
7417,3
7418,5
7419,0
7420,4
7421,4
7422,9
7423,7
7424,3
7425,0
7426,0
7427,7
7428,3
7429,8
7430,8
7431,0
7432,6
7433,2
7434,6
7435,1
7436,5
7437,3
7438,2
7439,3
7440,3
7441,9
7442,0
7443,7
7444,3
7445,3
7446,3
7447,3
7448,7
7449,7
7450,2
7451,4
7452,3
7453,4
7454,8
7455,1
7456,5
7457,3
7458,0
7459,8
7460,3
7461,0
7462,4
7463,0
7464,9
7465,4
7466,7
7467,6
7468,7
7469,3
7470,6
7471,4
7472,6
7473,9
7474,9
7475,4
7476,5
7477,5
7478,4
7479,8
7480,1
7481,7
7482,4
7483,3
7484,1
7485,8
7486,9
7487,2
7488,8
7489,1
7490,4
7491,9
7492,6
7493,0
7494,7
7495,6
7496,1
7497,7
7498,5
7499,9
7500,3
7501,9
7502,7
7503,3
7504,6
7505,0
7506,1
7507,6
7508,9
7509,8
7510,3
7511,3
7512,9
7513,4
7514,2
7515,9
7516,5
7517,3
7518,9
7519,1
7520,3
7521,2
7522,9
7523,0
7524,6
7525,0
7526,4
7527,7
7528,4
7529,1
7530,5
7531,6
7532,7
7533,6
7534,1
7535,6
7536,2
7537,8
7538,1
7539,2
7540,6
7541,1
7542,0
7543,7
7544,7
7545,7
7546,9
7547,7
7548,9
7549,6
7550,1
7551,7
7552,9
7553,9
7554,9
7555,7
7556,6
7557,6
7558,0
7559,2
7560,2
7561,9
7562,6
7563,2
7564,3
7565,1
7566,1
7567,7
7568,6
7569,1
7570,6
7571,6
7572,2
7573,3
7574,6
7575,2
7576,4
7577,3
7578,3
7579,2
7580,3
7581,1
7582,1
7583,1
7584,4
7585,0
7586,9
7587,4
7588,2
7589,7
7590,0
7591,7
7592,2
7593,4
7594,1
7595,4
7596,3
7597,7
7598,2
7599,8
7600,6
7601,7
7602,1
7603,1
7604,9
7605,0
7606,1
7607,8
7608,3
7609,3
7610,9
7611,1
7612,4
7613,0
7614,3
7615,5
7616,1
7617,3
7618,5
7619,1
7620,1
7621,1
7622,0
7623,0
7624,8
7625,7
7626,2
7627,4
7628,5
7629,4
7630,3
7631,9
7632,3
7633,7
7634,3
7635,9
7636,3
7637,0
7638,1
7639,7
7640,3
7641,2
7642,3
7643,2
7644,5
7645,4
7646,6
7647,1
7648,1
7649,3
7650,3
7651,9
7652,7
7653,3
7654,3
7655,7
7656,5
7657,6
7658,9
7659,7
7660,0
7661,2
7662,0
7663,0
7664,7
7665,8
7666,2
7667,7
7668,5
7669,2
7670,8
7671,3
7672,6
7673,6
7674,9
7675,3
7676,8
7677,8
7678,7
7679,3
7680,1
7681,2
7682,3
7683,4
7684,2
7685,5
7686,1
7687,1
7688,9
7689,0
7690,3
7691,3
7692,0
7693,6
7694,0
7695,6
7696,3
7697,8
7698,1
7699,5
7700,6
7701,3
7702,7
7703,4
7704,7
7705,3
7706,4
7707,3
7708,2
7709,8
7710,6
7711,6
7712,6
7713,0
7714,1
7715,3
7716,3
7717,0
7718,2
7719,3
7720,2
7721,9
7722,0
7723,4
7724,2
7725,9
7726,0
7727,9
7728,2
7729,7
7730,7
7731,7
7732,7
7733,7
7734,3
7735,2
7736,0
7737,5
7738,7
7739,9
7740,2
7741,3
7742,3
7743,2
7744,6
7745,7
7746,6
7747,9
7748,2
7749,4
7750,1
7751,9
7752,9
7753,3
7754,1
7755,8
7756,7
7757,7
7758,1
7759,6
7760,9
7761,3
7762,7
7763,9
7764,9
7765,4
7766,4
7767,1
7768,7
7769,2
7770,3
7771,7
7772,6
7773,2
7774,5
7775,1
7776,3
7777,1
7778,4
7779,3
7780,3
7781,8
7782,1
7783,0
7784,2
7785,5
7786,9
7787,4
7788,5
7789,0
7790,4
7791,1
7792,2
7793,7
7794,8
7795,9
7796,5
7797,8
7798,7
7799,3
7800,9
7801,8
7802,0
7803,2
7804,7
7805,4
7806,9
7807,9
7808,5
7809,7
7810,3
7811,4
7812,3
7813,8
7814,1
7815,5
7816,9
7817,4
7818,1
7819,0
7820,8
7821,9
7822,2
7823,8
7824,6
7825,5
7826,3
7827,7
7828,3
7829,3
7830,3
7831,3
7832,6
7833,6
7834,6
7835,4
7836,4
7837,2
7838,8
7839,7
7840,5
7841,6
7842,2
7843,3
7844,5
7845,3
7846,5
7847,4
7848,3
7849,3
7850,5
7851,8
7852,8
7853,4
7854,3
7855,0
7856,5
7857,8
7858,1
7859,5
7860,1
7861,4
7862,2
7863,1
7864,8
7865,0
7866,4
7867,2
7868,6
7869,9
7870,6
7871,4
7872,4
7873,8
7874,2
7875,5
7876,9
7877,7
7878,8
7879,7
7880,3
7881,7
7882,4
7883,9
7884,0
7885,3
7886,8
7887,5
7888,0
7889,7
7890,1
7891,4
7892,8
7893,0
7894,9
7895,6
7896,1
7897,8
7898,7
7899,8
7900,2
7901,2
7902,1
7903,3
7904,2
7905,0
7906,8
7907,8
7908,3
7909,3
7910,9
7911,8
7912,1
7913,3
7914,4
7915,6
7916,3
7917,9
7918,1
7919,8
7920,7
7921,4
7922,1
7923,3
7924,3
7925,4
7926,1
7927,4
7928,9
7929,8
7930,0
7931,5
7932,0
7933,5
7934,7
7935,8
7936,3
7937,3
7938,4
7939,8
7940,0
7941,5
7942,9
7943,7
7944,0
7945,5
7946,8
7947,9
7948,1
7949,2
7950,0
7951,4
7952,6
7953,1
7954,3
7955,3
7956,3
7957,8
7958,0
7959,3
7960,7
7961,8
7962,9
7963,5
7964,1
7965,8
7966,9
7967,4
7968,0
7969,7
7970,6
7971,9
7972,6
7973,9
7974,3
7975,5
7976,4
7977,2
7978,1
7979,3
7980,3
7981,3
7982,3
7983,7
7984,2
7985,2
7986,3
7987,8
7988,8
7989,2
7990,3
7991,2
7992,1
7993,3
7994,9
7995,6
7996,6
7997,1
7998,2
7999,2
8000,8
8001,2
8002,8
8003,6
8004,1
8005,9
8006,9
8007,3
8008,4
8009,0
8010,3
8011,4
8012,3
8013,5
8014,4
8015,0
8016,0
8017,1
8018,5
8019,0
8020,1
8021,6
8022,9
8023,3
8024,1
8025,5
8026,3
8027,1
8028,6
8029,0
8030,8
8031,0
8032,6
8033,2
8034,7
8035,9
8036,8
8037,0
8038,3
8039,3
8040,0
8041,1
8042,7
8043,5
8044,3
8045,9
8046,7
8047,1
8048,0
8049,8
8050,3
8051,8
8052,1
8053,6
8054,4
8055,3
8056,3
8057,1
8058,1
8059,4
8060,3
8061,3
8062,2
8063,5
8064,3
8065,3
8066,5
8067,4
8068,6
8069,2
8070,9
8071,2
8072,2
8073,8
8074,4
8075,9
8076,9
8077,3
8078,1
8079,6
8080,3
8081,5
8082,7
8083,9
8084,7
8085,3
8086,1
8087,8
8088,2
8089,2
8090,7
8091,7
8092,4
8093,7
8094,3
8095,6
8096,5
8097,6
8098,3
8099,8
8100,4
8101,3
8102,0
8103,3
8104,2
8105,9
8106,4
8107,6
8108,2
8109,5
8110,9
8111,4
8112,6
8113,3
8114,3
8115,8
8116,7
8117,9
8118,6
8119,8
8120,9
8121,6
8122,9
8123,6
8124,0
8125,4
8126,9
8127,9
8128,3
8129,7
8130,4
8131,8
8132,5
8133,9
8134,1
8135,3
8136,4
8137,4
8138,1
8139,3
8140,8
8141,7
8142,7
8143,2
8144,4
8145,8
8146,1
8147,5
8148,7
8149,7
8150,7
8151,6
8152,4
8153,0
8154,6
8155,1
8156,3
8157,4
8158,9
8159,8
8160,4
8161,3
8162,2
8163,4
8164,0
8165,0
8166,3
8167,2
8168,3
8169,0
8170,6
8171,0
8172,0
8173,5
8174,3
8175,0
8176,0
8177,5
8178,6
8179,6
8180,1
8181,7
8182,9
8183,2
8184,3
8185,0
8186,2
8187,3
8188,4
8189,7
8190,5
8191,8
8192,3
8193,8
8194,2
8195,0
8196,9
8197,1
8198,7
8199,0
8200,6
8201,1
8202,4
8203,0
8204,4
8205,4
8206,8
8207,7
8208,0
8209,6
8210,8
8211,6
8212,5
8213,6
8214,5
8215,7
8216,5
8217,6
8218,6
8219,0
8220,4
8221,6
8222,5
8223,7
8224,6
8225,9
8226,3
8227,3
8228,1
8229,4
8230,9
8231,3
8232,5
8233,9
8234,0
8235,3
8236,6
8237,5
8238,2
8239,3
8240,2
8241,7
8242,9
8243,6
8244,0
8245,3
8246,7
8247,0
8248,4
8249,2
8250,5
8251,7
8252,7
8253,1
8254,3
8255,8
8256,8
8257,6
8258,2
8259,8
8260,4
8261,4
8262,5
8263,2
8264,6
8265,8
8266,3
8267,6
8268,8
8269,3
8270,8
8271,0
8272,6
8273,9
8274,5
8275,3
8276,5
8277,7
8278,3
8279,2
8280,4
8281,5
8282,8
8283,6
8284,7
8285,6
8286,5
8287,7
8288,8
8289,3
8290,0
8291,6
8292,6
8293,0
8294,6
8295,9
8296,7
8297,3
8298,0
8299,3
8300,7
8301,2
8302,7
8303,0
8304,7
8305,1
8306,7
8307,4
8308,4
8309,3
8310,3
8311,0
8312,0
8313,1
8314,9
8315,7
8316,8
8317,8
8318,9
8319,7
8320,9
8321,4
8322,8
8323,8
8324,9
8325,3
8326,9
8327,0
8328,3
8329,7
8330,1
8331,1
8332,0
8333,9
8334,5
8335,7
8336,4
8337,3
8338,7
8339,2
8340,4
8341,9
8342,8
8343,8
8344,5
8345,8
8346,7
8347,2
8348,3
8349,3
8350,7
8351,5
8352,2
8353,7
8354,7
8355,0
8356,0
8357,3
8358,3
8359,4
8360,5
8361,0
8362,1
8363,8
8364,3
8365,7
8366,4
8367,8
8368,0
8369,4
8370,0
8371,9
8372,2
8373,4
8374,2
8375,3
8376,3
8377,9
8378,9
8379,8
8380,7
8381,3
8382,9
8383,3
8384,3
8385,5
8386,8
8387,9
8388,6
8389,8
8390,5
8391,2
8392,0
8393,1
8394,0
8395,6
8396,3
8397,7
8398,7
8399,7
8400,3
8401,7
8402,5
8403,2
8404,8
8405,1
8406,1
8407,7
8408,9
8409,3
8410,6
8411,6
8412,9
8413,9
8414,8
8415,4
8416,6
8417,6
8418,7
8419,7
8420,0
8421,4
8422,0
8423,7
8424,7
8425,6
8426,5
8427,3
8428,9
8429,9
8430,2
8431,3
8432,5
8433,0
8434,4
8435,8
8436,3
8437,1
8438,2
8439,8
8440,6
8441,5
8442,6
8443,8
8444,7
8445,7
8446,8
8447,0
8448,9
8449,8
8450,4
8451,3
8452,3
8453,6
8454,1
8455,0
8456,0
8457,8
8458,3
8459,9
8460,1
8461,3
8462,2
8463,5
8464,3
8465,3
8466,7
8467,9
8468,5
8469,7
8470,2
8471,7
8472,8
8473,2
8474,8
8475,8
8476,8
8477,9
8478,7
8479,6
8480,1
8481,2
8482,7
8483,3
8484,4
8485,3
8486,3
8487,4
8488,9
8489,9
8490,2
8491,2
8492,4
8493,7
8494,3
8495,9
8496,4
8497,7
8498,3
8499,8
8500,9
8501,3
8502,9
8503,8
8504,3
8505,2
8506,3
8507,5
8508,7
8509,7
8510,8
8511,4
8512,1
8513,0
8514,0
8515,7
8516,1
8517,6
8518,6
8519,1
8520,7
8521,6
8522,7
8523,3
8524,3
8525,3
8526,3
8527,8
8528,6
8529,3
8530,8
8531,6
8532,6
8533,7
8534,1
8535,6
8536,8
8537,1
8538,6
8539,0
8540,9
8541,6
8542,5
8543,6
8544,8
8545,3
8546,3
8547,2
8548,7
8549,4
8550,7
8551,1
8552,4
8553,3
8554,8
8555,5
8556,4
8557,1
8558,7
8559,1
8560,2
8561,8
8562,2
8563,5
8564,9
8565,6
8566,1
8567,2
8568,4
8569,7
8570,7
8571,7
8572,3
8573,6
8574,6
8575,6
8576,0
8577,9
8578,7
8579,6
8580,7
8581,6
8582,2
8583,3
8584,2
8585,3
8586,7
8587,3
8588,5
8589,7
8590,3
8591,4
8592,1
8593,8
8594,9
8595,3
8596,7
8597,4
8598,2
8599,8
8600,9
8601,3
8602,7
8603,2
8604,3
8605,0
8606,3
8607,8
8608,5
8609,1
8610,2
8611,6
8612,1
8613,0
8614,9
8615,3
8616,9
8617,1
8618,3
8619,3
8620,0
8621,6
8622,7
8623,3
8624,9
8625,8
8626,9
8627,4
8628,8
8629,0
8630,4
8631,3
8632,5
8633,1
8634,4
8635,0
8636,9
8637,4
8638,6
8639,3
8640,0
8641,7
8642,0
8643,5
8644,4
8645,7
8646,8
8647,2
8648,1
8649,2
8650,1
8651,3
8652,4
8653,3
8654,8
8655,5
8656,3
8657,7
8658,0
8659,5
8660,3
8661,9
8662,0
8663,9
8664,3
8665,4
8666,3
8667,3
8668,0
8669,8
8670,0
8671,3
8672,1
8673,3
8674,0
8675,3
8676,7
8677,7
8678,3
8679,1
8680,3
8681,3
8682,1
8683,9
8684,8
8685,9
8686,5
8687,1
8688,6
8689,6
8690,2
8691,2
8692,6
8693,5
8694,3
8695,9
8696,0
8697,1
8698,3
8699,4
8700,3
8701,7
8702,1
8703,8
8704,7
8705,3
8706,2
8707,1
8708,0
8709,7
8710,3
8711,3
8712,8
8713,0
8714,3
8715,3
8716,0
8717,7
8718,9
8719,6
8720,2
8721,8
8722,0
8723,0
8724,2
8725,6
8726,6
8727,6
8728,4
8729,9
8730,6
8731,3
8732,1
8733,9
8734,9
8735,4
8736,2
8737,3
8738,3
8739,6
8740,9
8741,9
8742,0
8743,8
8744,2
8745,2
8746,1
8747,7
8748,8
8749,4
8750,0
8751,9
8752,7
8753,6
8754,1
8755,2
8756,0
8757,0
8758,3
8759,4
8760,0
8761,3
8762,1
8763,6
8764,4
8765,6
8766,3
8767,5
8768,0
8769,3
8770,7
8771,3
8772,3
8773,1
8774,2
8775,1
8776,3
8777,6
8778,3
8779,0
8780,6
8781,5
8782,8
8783,8
8784,8
8785,7
8786,0
8787,5
8788,3
8789,9
8790,8
8791,9
8792,7
8793,2
8794,8
8795,5
8796,9
8797,6
8798,6
8799,3
8800,7
8801,2
8802,3
8803,7
8804,2
8805,5
8806,2
8807,7
8808,7
8809,2
8810,3
8811,6
8812,2
8813,9
8814,4
8815,9
8816,1
8817,0
8818,0
8819,0
8820,7
8821,3
8822,6
8823,3
8824,8
8825,3
8826,2
8827,5
8828,9
8829,1
8830,6
8831,6
8832,9
8833,6
8834,6
8835,5
8836,4
8837,0
8838,8
8839,8
8840,6
8841,7
8842,8
8843,0
8844,3
8845,9
8846,7
8847,3
8848,2
8849,5
8850,3
8851,6
8852,3
8853,4
8854,6
8855,1
8856,1
8857,1
8858,3
8859,6
8860,4
8861,1
8862,3
8863,0
8864,3
8865,4
8866,2
8867,4
8868,3
8869,1
8870,9
8871,5
8872,0
8873,3
8874,6
8875,6
8876,0
8877,1
8878,2
8879,8
8880,4
8881,3
8882,5
8883,3
8884,3
8885,6
8886,1
8887,9
8888,0
8889,4
8890,6
8891,5
8892,8
8893,8
8894,2
8895,9
8896,2
8897,7
8898,2
8899,6
8900,2
8901,2
8902,3
8903,9
8904,3
8905,8
8906,0
8907,9
8908,8
8909,5
8910,7
8911,2
8912,3
8913,7
8914,2
8915,7
8916,9
8917,2
8918,9
8919,3
8920,7
8921,0
8922,1
8923,8
8924,7
8925,2
8926,5
8927,1
8928,6
8929,9
8930,0
8931,5
8932,2
8933,3
8934,8
8935,7
8936,7
8937,6
8938,0
8939,0
8940,7
8941,6
8942,7
8943,8
8944,9
8945,6
8946,2
8947,4
8948,8
8949,6
8950,1
8951,4
8952,3
8953,1
8954,1
8955,4
8956,7
8957,7
8958,6
8959,6
8960,1
8961,7
8962,0
8963,8
8964,7
8965,7
8966,2
8967,9
8968,3
8969,5
8970,9
8971,6
8972,6
8973,0
8974,1
8975,7
8976,3
8977,6
8978,4
8979,8
8980,8
8981,3
8982,5
8983,5
8984,0
8985,1
8986,3
8987,3
8988,1
8989,9
8990,2
8991,3
8992,4
8993,0
8994,2
8995,5
8996,3
8997,0
8998,5
8999,8
9000,7
9001,0
9002,3
9003,9
9004,9
9005,2
9006,3
9007,6
9008,1
9009,4
9010,1
9011,3
9012,7
9013,6
9014,8
9015,9
9016,3
9017,9
9018,3
9019,2
9020,7
9021,8
9022,6
9023,8
9024,0
9025,8
9026,6
9027,1
9028,1
9029,5
9030,1
9031,3
9032,0
9033,6
9034,1
9035,6
9036,7
9037,1
9038,0
9039,8
9040,2
9041,3
9042,9
9043,1
9044,6
9045,4
9046,1
9047,4
9048,9
9049,0
9050,3
9051,2
9052,3
9053,2
9054,0
9055,9
9056,8
9057,1
9058,8
9059,1
9060,0
9061,3
9062,4
9063,8
9064,3
9065,6
9066,9
9067,4
9068,5
9069,1
9070,3
9071,1
9072,1
9073,0
9074,7
9075,6
9076,2
9077,1
9078,3
9079,3
9080,1
9081,0
9082,3
9083,4
9084,9
9085,6
9086,3
9087,2
9088,2
9089,3
9090,9
9091,8
9092,1
9093,4
9094,2
9095,9
9096,0
9097,9
9098,5
9099,1
9100,0
9101,6
9102,3
9103,9
9104,9
9105,3
9106,3
9107,9
9108,2
9109,5
9110,0
9111,6
9112,2
9113,1
9114,0
9115,2
9116,8
9117,8
9118,3
9119,1
9120,3
9121,3
9122,9
9123,8
9124,7
9125,3
9126,1
9127,1
9128,2
9129,6
9130,7
9131,3
9132,3
9133,6
9134,5
9135,3
9136,5
9137,3
9138,9
9139,7
9140,9
9141,4
9142,1
9143,2
9144,9
9145,2
9146,0
9147,3
9148,9
9149,6
9150,5
9151,2
9152,4
9153,1
9154,4
9155,4
9156,9
9157,8
9158,6
9159,8
9160,8
9161,0
9162,7
9163,6
9164,7
9165,7
9166,9
9167,2
9168,4
9169,3
9170,2
9171,7
9172,2
9173,1
9174,5
9175,0
9176,8
9177,7
9178,1
9179,3
9180,3
9181,2
9182,4
9183,2
9184,4
9185,8
9186,4
9187,6
9188,0
9189,9
9190,4
9191,9
9192,0
9193,7
9194,3
9195,5
9196,9
9197,5
9198,8
9199,2
9200,3
9201,6
9202,1
9203,9
9204,1
9205,9
9206,7
9207,9
9208,3
9209,1
9210,9
9211,2
9212,2
9213,1
9214,1
9215,9
9216,6
9217,6
9218,3
9219,2
9220,6
9221,6
9222,3
9223,3
9224,5
9225,5
9226,2
9227,4
9228,3
9229,2
9230,8
9231,3
9232,9
9233,8
9234,8
9235,4
9236,3
9237,3
9238,2
9239,8
9240,8
9241,7
9242,7
9243,3
9244,3
9245,1
9246,5
9247,4
9248,3
9249,8
9250,9
9251,7
9252,6
9253,4
9254,1
9255,7
9256,2
9257,8
9258,7
9259,2
9260,9
9261,3
9262,0
9263,7
9264,3
9265,6
9266,3
9267,5
9268,2
9269,0
9270,6
9271,7
9272,0
9273,2
9274,3
9275,2
9276,8
9277,1
9278,0
9279,6
9280,3
9281,4
9282,6
9283,8
9284,4
9285,5
9286,9
9287,3
9288,1
9289,2
9290,5
9291,1
9292,6
9293,7
9294,8
9295,3
9296,5
9297,0
9298,6
9299,2
9300,1
9301,4
9302,7
9303,0
9304,3
9305,8
9306,3
9307,9
9308,7
9309,3
9310,3
9311,8
9312,6
9313,7
9314,7
9315,7
9316,1
9317,5
9318,0
9319,7
9320,3
9321,9
9322,7
9323,2
9324,3
9325,3
9326,1
9327,3
9328,9
9329,6
9330,5
9331,4
9332,3
9333,9
9334,9
9335,7
9336,6
9337,5
9338,4
9339,7
9340,9
9341,8
9342,6
9343,6
9344,3
9345,0
9346,3
9347,6
9348,5
9349,7
9350,7
9351,2
9352,8
9353,1
9354,2
9355,3
9356,1
9357,7
9358,4
9359,7
9360,3
9361,6
9362,5
9363,0
9364,9
9365,5
9366,0
9367,7
9368,8
9369,3
9370,2
9371,7
9372,3
9373,9
9374,4
9375,9
9376,4
9377,6
9378,4
9379,7
9380,8
9381,4
9382,3
9383,3
9384,3
9385,6
9386,7
9387,1
9388,7
9389,0
9390,7
9391,4
9392,1
9393,3
9394,8
9395,7
9396,9
9397,0
9398,0
9399,9
9400,9
9401,3
9402,7
9403,0
9404,7
9405,0
9406,4
9407,4
9408,0
9409,7
9410,2
9411,9
9412,7
9413,5
9414,9
9415,2
9416,0
9417,8
9418,0
9419,3
9420,8
9421,8
9422,7
9423,6
9424,7
9425,7
9426,7
9427,9
9428,7
9429,0
9430,3
9431,1
9432,1
9433,9
9434,5
9435,4
9436,6
9437,4
9438,3
9439,3
9440,0
9441,3
9442,1
9443,3
9444,7
9445,2
9446,5
9447,9
9448,2
9449,3
9450,7
9451,6
9452,6
9453,1
9454,8
9455,9
9456,3
9457,7
9458,7
9459,9
9460,0
9461,9
9462,4
9463,4
9464,7
9465,1
9466,3
9467,6
9468,6
9469,2
9470,3
9471,1
9472,5
9473,1
9474,4
9475,0
9476,9
9477,3
9478,3
9479,3
9480,0
9481,6
9482,4
9483,6
9484,1
9485,3
9486,3
9487,4
9488,7
9489,5
9490,3
9491,9
9492,3
9493,1
9494,3
9495,0
9496,3
9497,1
9498,0
9499,5
9500,6
9501,2
9502,3
9503,4
9504,9
9505,2
9506,7
9507,5
9508,3
9509,9
9510,1
9511,0
9512,3
9513,9
9514,3
9515,8
9516,7
9517,5
9518,5
9519,4
9520,1
9521,1
9522,7
9523,8
9524,1
9525,1
9526,4
9527,3
9528,0
9529,6
9530,7
9531,6
9532,7
9533,1
9534,8
9535,6
9536,6
9537,4
9538,7
9539,7
9540,3
9541,3
9542,1
9543,7
9544,7
9545,8
9546,8
9547,0
9548,6
9549,2
9550,2
9551,3
9552,7
9553,9
9554,9
9555,6
9556,7
9557,8
9558,8
9559,8
9560,6
9561,3
9562,3
9563,5
9564,0
9565,6
9566,7
9567,3
9568,3
9569,4
9570,1
9571,3
9572,7
9573,7
9574,7
9575,3
9576,5
9577,9
9578,7
9579,7
9580,0
9581,4
9582,9
9583,6
9584,1
9585,1
9586,0
9587,7
9588,3
9589,3
9590,7
9591,9
9592,5
9593,7
9594,5
9595,1
9596,3
9597,7
9598,5
9599,0
9600,3
9601,5
9602,1
9603,4
9604,6
9605,7
9606,3
9607,0
9608,7
9609,3
9610,3
9611,3
9612,7
9613,3
9614,8
9615,3
9616,1
9617,6
9618,7
9619,4
9620,8
9621,3
9622,3
9623,4
9624,3
9625,3
9626,7
9627,7
9628,6
9629,3
9630,3
9631,6
9632,3
9633,9
9634,9
9635,0
9636,1
9637,3
9638,9
9639,3
9640,4
9641,3
9642,3
9643,3
9644,4
9645,7
9646,3
9647,5
9648,3
9649,3
9650,1
9651,0
9652,2
9653,3
9654,5
9655,4
9656,4
9657,7
9658,2
9659,8
9660,0
9661,0
9662,8
9663,5
9664,0
9665,0
9666,9
9667,0
9668,0
9669,6
9670,6
9671,2
9672,9
9673,3
9674,7
9675,3
9676,9
9677,2
9678,6
9679,9
9680,1
9681,5
9682,7
9683,6
9684,3
9685,2
9686,2
9687,4
9688,9
9689,8
9690,3
9691,7
9692,1
9693,2
9694,2
9695,1
9696,8
9697,7
9698,3
9699,8
9700,7
9701,5
9702,2
9703,6
9704,2
9705,5
9706,9
9707,9
9708,3
9709,2
9710,9
9711,9
9712,8
9713,5
9714,3
9715,7
9716,2
9717,2
9718,5
9719,3
9720,4
9721,1
9722,3
9723,2
9724,9
9725,8
9726,4
9727,9
9728,4
9729,0
9730,7
9731,9
9732,4
9733,0
9734,3
9735,3
9736,3
9737,8
9738,6
9739,6
9740,8
9741,9
9742,6
9743,2
9744,4
9745,0
9746,7
9747,9
9748,9
9749,1
9750,7
9751,3
9752,3
9753,3
9754,7
9755,6
9756,0
9757,1
9758,3
9759,8
9760,3
9761,5
9762,0
9763,5
9764,0
9765,6
9766,7
9767,5
9768,2
9769,3
9770,2
9771,6
9772,7
9773,6
9774,0
9775,9
9776,6
9777,7
9778,7
9779,9
9780,3
9781,8
9782,7
9783,3
9784,4
9785,3
9786,7
9787,7
9788,3
9789,7
9790,3
9791,1
9792,4
9793,0
9794,1
9795,4
9796,9
9797,9
9798,6
9799,0
9800,2
9801,4
9802,0
9803,8
9804,3
9805,3
9806,8
9807,4
9808,3
9809,9
9810,3
9811,2
9812,3
9813,8
9814,8
9815,9
9816,0
9817,6
9818,0
9819,8
9820,9
9821,0
9822,0
9823,2
9824,4
9825,0
9826,4
9827,0
9828,2
9829,0
9830,4
9831,1
9832,2
9833,8
9834,1
9835,7
9836,1
9837,1
9838,0
9839,8
9840,9
9841,8
9842,6
9843,1
9844,8
9845,3
9846,3
9847,4
9848,3
9849,9
9850,3
9851,9
9852,3
9853,1
9854,1
9855,4
9856,2
9857,6
9858,9
9859,4
9860,9
9861,1
9862,8
9863,9
9864,5
9865,9
9866,9
9867,2
9868,5
9869,0
9870,9
9871,7
9872,7
9873,0
9874,4
9875,9
9876,2
9877,6
9878,7
9879,2
9880,3
9881,7
9882,8
9883,3
9884,9
9885,0
9886,6
9887,5
9888,2
9889,5
9890,0
9891,9
9892,8
9893,7
9894,2
9895,3
9896,3
9897,6
9898,9
9899,2
9900,1
9901,5
9902,7
9903,7
9904,6
9905,9
9906,7
9907,6
9908,7
9909,7
9910,1
9911,8
9912,3
9913,8
9914,3
9915,6
9916,2
9917,7
9918,2
9919,0
9920,7
9921,8
9922,8
9923,0
9924,9
9925,6
9926,1
9927,6
9928,6
9929,0
9930,6
9931,8
9932,0
9933,5
9934,0
9935,7
9936,9
9937,0
9938,6
9939,0
9940,5
9941,3
9942,2
9943,2
9944,7
9945,4
9946,6
9947,0
9948,3
9949,7
9950,7
9951,0
9952,2
9953,6
9954,6
9955,9
9956,4
9957,1
9958,7
9959,3
9960,3
9961,6
9962,1
9963,4
9964,6
9965,0
9966,3
9967,5
9968,5
9969,9
9970,7
9971,0
9972,3
9973,6
9974,1
9975,1
9976,8
9977,0
9978,2
9979,3
9980,4
9981,3
9982,5
9983,2
9984,9
9985,7
9986,7
9987,8
9988,9
9989,2
9990,4
9991,9
9992,4
9993,4
9994,2
9995,2
9996,9
9997,2
9998,2
9999,5
10000,3
